<?xml version="1.0" encoding="UTF-8"?>
<addon
	id="skin.camaradas" version="0.0.2" name="skin[COLORorangered] CAMARADAS[/COLOR]" provider-name="CAMARADAS">
	<requires>
		<import addon="xbmc.gui" version="5.14.0"/>
		<import addon="script.skinshortcuts" version="1.0.8"/>
	</requires>
	<extension point="xbmc.gui.skin" debugging="false" effectslowdown="1.0">
		<res width="1920" height="1080" aspect="16:9" default="true" folder="xml" />
		<res width="1920" height="1200" aspect="16:10" default="false" folder="xml" />
		<res width="1920" height="1280" aspect="3:2" default="false" folder="xml" />
		<res width="1920" height="1440" aspect="4:3" default="false" folder="xml" />
		<res width="2040" height="1080" aspect="17:9" default="false" folder="xml" />
		<res width="2560" height="1080" aspect="21:9" default="false" folder="xml" />
	</extension>
	<extension point="xbmc.addon.repository" name="chikiryrepo">
        <info>https://raw.githubusercontent.com/chikiry/chikiryrepo/master/Repositorio/addons.xml</info>
        <checksum>https://raw.githubusercontent.com/chikiry/chikiryrepo/master/Repositorio/addons.xml.md5</checksum>
        <datadir zip="true">https://raw.githubusercontent.com/chikiry/chikiryrepo/master/Repositorio/</datadir>
    </extension>
	<extension point="xbmc.addon.metadata">
		<summary lang="en_GB">SKIN CAMARADAS</summary>
		<summary lang="en_US">SKIN CAMARADAS</summary>
		<description lang="en_GB">SKIN CAMARADAS</description>
		<description lang="en_US">SKIN CAMARADAS</description>
		<license></license>
		<forum></forum>
		<source></source>
		<platform>all</platform>
		<assets>
			<icon>resources/icon.png</icon>
			<fanart>resources/fanart.jpg</fanart>
			<screenshot>resources/Screenshot01.png</screenshot>
			<screenshot>resources/Screenshot02.png</screenshot>
			<screenshot>resources/Screenshot03.png</screenshot>
			<screenshot>resources/Screenshot04.png</screenshot>
			<screenshot>resources/Screenshot05.png</screenshot>
			<screenshot>resources/Screenshot06.png</screenshot>
		</assets>
	</extension>
</addon>
