<?xml version="1.0" encoding="UTF-8"?>
<window>
	<defaultcontrol always="true">5</defaultcontrol>
	<controls>
		<!--all content-->
		<control type="group">
			<left>0r</left>
			<width>660</width>
			<visible>!Window.IsActive(ShutdownMenu)</visible>
			<include content="SideBladeRight">
				<param name="dialog-glowwidth" value="660" />
				<param name="subtitle-visible" value="true" />
				<param name="background-fade" value="true" />
			</include>
			<!--close window button-->
			<control type="button">
				<left>35</left>
				<top>0</top>
				<width>50</width>
				<height>25</height>
				<label></label>
				<font></font>
				<onclick>PreviousMenu</onclick>
				<texturefocus>DialogCloseButton-focus.png</texturefocus>
				<texturenofocus>DialogCloseButton.png</texturenofocus>
				<onleft>9000</onleft>
				<onright>9000</onright>
				<onup>9000</onup>
				<ondown>9000</ondown>
				<visible>system.getbool(input.enablemouse)</visible>
			</control>
			<!--main content-->
			<control type="group">
				<!--title-->
				<control type="label">
					<left>45</left>
					<top>15</top>
					<width>600</width>
					<height>60</height>
					<font>menu.title</font>
					<align>center</align>
					<aligny>center</aligny>
					<textcolor>white</textcolor>
					<label>$LOCALIZE[13406]</label>
				</control>
				<!--secondary title-->
				<control type="label">
					<left>45</left>
					<top>90</top>
					<width>600</width>
					<height>50</height>
					<font>kai.secondary</font>
					<align>center</align>
					<aligny>center</aligny>
					<textcolor>white</textcolor>
					<label>$INFO[System.Date(DDD)], $INFO[System.Date(d)] $INFO[System.Date(mmm)] $INFO[System.Date(yyyy)], $INFO[System.Time] • $INFO[Container(5).NumItems] $LOCALIZE[31025] ($LOCALIZE[31024] $INFO[Container(5).CurrentPage]/$INFO[Container(5).NumPages])</label>
				</control>
				<!--content list-->
				<control type="list" id="5">
					<left>45</left>
					<top>155</top>
					<bottom>15</bottom>
					<width>600</width>
					<onleft>60</onleft>
					<onright>60</onright>
					<onup>5</onup>
					<ondown>5</ondown>
					<viewtype label="535">list</viewtype>
					<pagecontrol>60</pagecontrol>
					<scrolltime>200</scrolltime>
					<itemlayout height="60" width="600">
						<control type="label">
							<left>15</left>
							<top>0</top>
							<width>175</width>
							<height>60</height>
							<font>button</font>
							<selectedcolor>$INFO[Skin.String(color.500)]</selectedcolor>
							<align>left</align>
							<aligny>center</aligny>
							<label>$INFO[ListItem.Label]</label>
						</control>
						<control type="label">
							<left>200</left>
							<top>0</top>
							<width>385</width>
							<height>60</height>
							<font>button</font>
							<aligny>center</aligny>
							<selectedcolor>$INFO[Skin.String(color.500)]</selectedcolor>
							<align>right</align>
							<info>ListItem.Label2</info>
						</control>
					</itemlayout>
					<focusedlayout height="60" width="600">
						<!--focused bg-->
						<control type="image">
							<left>0</left>
							<top>0</top>
							<width>600</width>
							<height>60</height>
							<texture colordiffuse="$INFO[Skin.String(color.500)]">backgrounds/white.png</texture>
						</control>
						<control type="label">
							<left>15</left>
							<top>0</top>
							<width>175</width>
							<height>60</height>
							<font>button</font>
							<aligny>center</aligny>
							<textcolor>white</textcolor>
							<selectedcolor>$INFO[Skin.String(color.alt)]</selectedcolor>
							<label>$INFO[ListItem.Label]</label>
						</control>
						<control type="label">
							<left>200</left>
							<top>0</top>
							<width>385</width>
							<height>60</height>
							<font>button</font>
							<aligny>center</aligny>
							<textcolor>white</textcolor>
							<selectedcolor>$INFO[Skin.String(color.alt)]</selectedcolor>
							<align>right</align>
							<info>ListItem.Label2</info>
						</control>
					</focusedlayout>
				</control>
				<control type="scrollbar" id="60">
					<left>18</left>
					<top>155</top>
					<bottom>15</bottom>
					<onleft>5</onleft>
					<onright>5</onright>
				</control>
			</control>
		</control>
	</controls>
</window>