<?xml version="1.0" encoding="UTF-8"?>
<includes>
	<variable name="BackgroundVar">
		<!-- extrafanart background -->
		<value condition="!Skin.HasSetting(HideBackGroundFanart) + Skin.HasSetting(SkinHelper.EnableExtraFanart) + !String.IsEmpty(Window(Home).Property(SkinHelper.ListItem.Art.ExtraFanArt))">$INFO[Window(Home).Property(SkinHelper.ListItem.Art.ExtraFanArt)]</value>
		<!-- global background -->
		<value>$INFO[Skin.CurrentTheme,special://skin/extras/backgrounds/,.jpg]</value>
	</variable>
	
	<include name="RandomizeImages">
		<randomize>true</randomize>
	</include>
	<include name="fanartSpeed5">
		<timeperimage>5000</timeperimage>
	</include>
	<include name="fanartSpeed6">
		<timeperimage>6000</timeperimage>
	</include>
	<include name="fanartSpeed8">
		<timeperimage>8000</timeperimage>
	</include>
	<include name="fanartSpeed10">
		<timeperimage>10000</timeperimage>
	</include>
	<include name="fanartSpeed15">
		<timeperimage>15000</timeperimage>
	</include>
	<include name="fanartSpeed20">
		<timeperimage>20000</timeperimage>
	</include>
	<include name="fanartSpeed30">
		<timeperimage>30000</timeperimage>
	</include>
	<include name="fanartSpeed60">
		<timeperimage>60000</timeperimage>
	</include>
	<include name="fanartSpeed">
		<include condition="skin.string(BackgroundSwitchDelay, 6)">fanartSpeed6</include>
		<include condition="skin.string(BackgroundSwitchDelay, 5)">fanartSpeed5</include>
		<include condition="skin.string(BackgroundSwitchDelay, 8)">fanartSpeed8</include>
		<include condition="skin.string(BackgroundSwitchDelay, 10)">fanartSpeed10</include>
		<include condition="skin.string(BackgroundSwitchDelay, 15)">fanartSpeed15</include>
		<include condition="skin.string(BackgroundSwitchDelay, 20)">fanartSpeed20</include>
		<include condition="skin.string(BackgroundSwitchDelay, 30)">fanartSpeed30</include>
		<include condition="skin.string(BackgroundSwitchDelay, 60)">fanartSpeed60</include>
		<include condition="!skin.string(BackgroundSwitchDelay)">fanartSpeed30</include>
	</include>
	<variable name="fanartBackground">
		<value condition="Container.Scrolling"></value>
		<!-- normal fanart backgrounds -->
		<value condition="!String.IsEmpty(ListItem.Art(fanart))">$INFO[ListItem.Art(fanart)]</value>
		<value condition="!String.IsEmpty(Container.ListItem.Art(fanart))">$INFO[Container.ListItem.Art(fanart)]</value>
		<value condition="!String.IsEmpty(Container.Art(tvshow.fanart))">$INFO[Container.Art(tvshow.fanart)]</value>
		<value condition="!String.IsEmpty(Container.Art(artist.fanart))">$INFO[Container.Art(artist.fanart)]</value>
		<value condition="!String.IsEmpty(Container.Art(albumartist.fanart))">$INFO[Container.Art(albumartist.fanart)]</value>
	</variable>
<include name="CommonBackground">
		<!-- global background -->
		<control type="multiimage">
			<left>0</left>
			<top>0</top>
			<width>100%</width>
			<height>100%</height>
			<imagepath background="true" fallback="special://skin/extras/backgrounds/SKINDEFAULT.jpg">$VAR[BackgroundVar]</imagepath>
			<aspectratio>scale</aspectratio>
			<fadetime>450</fadetime>
			<loop>yes</loop>
			<include>fanartSpeed</include>
			<include condition="Skin.HasSetting(RandomizeBackground)">RandomizeImages</include>
		</control>
		<control type="image">
			<depth>DepthBackground</depth>
			<description>Normal Default Background Image 0</description>
			<include>BackgroundDimensions</include>
			<aspectratio>scale</aspectratio>
			<texture>special://skin/extras/backgrounds/multicoloured/RED.jpg</texture>
			<visible>Skin.HasSetting(UseColoredBackground) + ![Skin.HasSetting(UseCustomBackground) + !String.IsEmpty(Skin.String(CustomBackgroundPath))]</visible>
			<include>VisibleFadeEffect</include>
		</control>
		<control type="image">
			<depth>DepthBackground</depth>
			<description>Normal Default Background Image 1</description>
			<include>BackgroundDimensions</include>
			<aspectratio>scale</aspectratio>
			<texture>special://skin/extras/backgrounds/multicoloured/PINK.jpg</texture>
			<visible>Skin.HasSetting(UseColoredBackground1) + ![Skin.HasSetting(UseCustomBackground) + !String.IsEmpty(Skin.String(CustomBackgroundPath))]</visible>
			<include>VisibleFadeEffect</include>
		</control>
		<control type="image">
			<depth>DepthBackground</depth>
			<description>Normal Default Background Image 2</description>
			<include>BackgroundDimensions</include>
			<aspectratio>scale</aspectratio>
			<texture>special://skin/extras/backgrounds/multicoloured/PURPLE.jpg</texture>
			<visible>Skin.HasSetting(UseColoredBackground2) + ![Skin.HasSetting(UseCustomBackground) + !String.IsEmpty(Skin.String(CustomBackgroundPath))]</visible>
			<include>VisibleFadeEffect</include>
		</control>
		<control type="image">
			<depth>DepthBackground</depth>
			<description>Normal Default Background Image 3</description>
			<include>BackgroundDimensions</include>
			<aspectratio>scale</aspectratio>
			<texture>special://skin/extras/backgrounds/multicoloured/DEEP PURPLE.jpg</texture>
			<visible>Skin.HasSetting(UseColoredBackground3) + ![Skin.HasSetting(UseCustomBackground) + !String.IsEmpty(Skin.String(CustomBackgroundPath))]</visible>
			<include>VisibleFadeEffect</include>
		</control>
		<control type="image">
			<depth>DepthBackground</depth>
			<description>Normal Default Background Image 4</description>
			<include>BackgroundDimensions</include>
			<aspectratio>scale</aspectratio>
			<texture>special://skin/extras/backgrounds/multicoloured/INDIGO.jpg</texture>
			<visible>Skin.HasSetting(UseColoredBackground4) + ![Skin.HasSetting(UseCustomBackground) + !String.IsEmpty(Skin.String(CustomBackgroundPath))]</visible>
			<include>VisibleFadeEffect</include>
		</control>
		<control type="image">
			<depth>DepthBackground</depth>
			<description>Normal Default Background Image 5</description>
			<include>BackgroundDimensions</include>
			<aspectratio>scale</aspectratio>
			<texture>special://skin/extras/backgrounds/multicoloured/BLUE.jpg</texture>
			<visible>Skin.HasSetting(UseColoredBackground5) + ![Skin.HasSetting(UseCustomBackground) + !String.IsEmpty(Skin.String(CustomBackgroundPath))]</visible>
			<include>VisibleFadeEffect</include>
		</control>
		<control type="image">
			<depth>DepthBackground</depth>
			<description>Normal Default Background Image 6</description>
			<include>BackgroundDimensions</include>
			<aspectratio>scale</aspectratio>
			<texture>special://skin/extras/backgrounds/multicoloured/LIGHT BLUE.jpg</texture>
			<visible>Skin.HasSetting(UseColoredBackground6) + ![Skin.HasSetting(UseCustomBackground) + !String.IsEmpty(Skin.String(CustomBackgroundPath))]</visible>
			<include>VisibleFadeEffect</include>
		</control>
		<control type="image">
			<depth>DepthBackground</depth>
			<description>Normal Default Background Image 7</description>
			<include>BackgroundDimensions</include>
			<aspectratio>scale</aspectratio>
			<texture>special://skin/extras/backgrounds/multicoloured/CYAN.jpg</texture>
			<visible>Skin.HasSetting(UseColoredBackground7) + ![Skin.HasSetting(UseCustomBackground) + !String.IsEmpty(Skin.String(CustomBackgroundPath))]</visible>
			<include>VisibleFadeEffect</include>
		</control>
		<control type="image">
			<depth>DepthBackground</depth>
			<description>Normal Default Background Image 8</description>
			<include>BackgroundDimensions</include>
			<aspectratio>scale</aspectratio>
			<texture>special://skin/extras/backgrounds/multicoloured/TEAL.jpg</texture>
			<visible>Skin.HasSetting(UseColoredBackground8) + ![Skin.HasSetting(UseCustomBackground) + !String.IsEmpty(Skin.String(CustomBackgroundPath))]</visible>
			<include>VisibleFadeEffect</include>
		</control>
		<control type="image">
			<depth>DepthBackground</depth>
			<description>Normal Default Background Image 9</description>
			<include>BackgroundDimensions</include>
			<aspectratio>scale</aspectratio>
			<texture>special://skin/extras/backgrounds/multicoloured/GREEN.jpg</texture>
			<visible>Skin.HasSetting(UseColoredBackground9) + ![Skin.HasSetting(UseCustomBackground) + !String.IsEmpty(Skin.String(CustomBackgroundPath))]</visible>
			<include>VisibleFadeEffect</include>
		</control>
		<control type="image">
			<depth>DepthBackground</depth>
			<description>Normal Default Background Image 10</description>
			<include>BackgroundDimensions</include>
			<aspectratio>scale</aspectratio>
			<texture>special://skin/extras/backgrounds/multicoloured/LIGHT GREEN.jpg</texture>
			<visible>Skin.HasSetting(UseColoredBackground10) + ![Skin.HasSetting(UseCustomBackground) + !String.IsEmpty(Skin.String(CustomBackgroundPath))]</visible>
			<include>VisibleFadeEffect</include>
		</control>
		<control type="image">
			<depth>DepthBackground</depth>
			<description>Normal Default Background Image 11</description>
			<include>BackgroundDimensions</include>
			<aspectratio>scale</aspectratio>
			<texture>special://skin/extras/backgrounds/multicoloured/LIME.jpg</texture>
			<visible>Skin.HasSetting(UseColoredBackground11) + ![Skin.HasSetting(UseCustomBackground) + !String.IsEmpty(Skin.String(CustomBackgroundPath))]</visible>
			<include>VisibleFadeEffect</include>
		</control>
		<control type="image">
			<depth>DepthBackground</depth>
			<description>Normal Default Background Image 12</description>
			<include>BackgroundDimensions</include>
			<aspectratio>scale</aspectratio>
			<texture>special://skin/extras/backgrounds/multicoloured/YELLOW.jpg</texture>
			<visible>Skin.HasSetting(UseColoredBackground12) + ![Skin.HasSetting(UseCustomBackground) + !String.IsEmpty(Skin.String(CustomBackgroundPath))]</visible>
			<include>VisibleFadeEffect</include>
		</control>
		<control type="image">
			<depth>DepthBackground</depth>
			<description>Normal Default Background Image 13</description>
			<include>BackgroundDimensions</include>
			<aspectratio>scale</aspectratio>
			<texture>special://skin/extras/backgrounds/multicoloured/AMBER.jpg</texture>
			<visible>Skin.HasSetting(UseColoredBackground13) + ![Skin.HasSetting(UseCustomBackground) + !String.IsEmpty(Skin.String(CustomBackgroundPath))]</visible>
			<include>VisibleFadeEffect</include>
		</control>
		<control type="image">
			<depth>DepthBackground</depth>
			<description>Normal Default Background Image 14</description>
			<include>BackgroundDimensions</include>
			<aspectratio>scale</aspectratio>
			<texture>special://skin/extras/backgrounds/multicoloured/ORANGE.jpg</texture>
			<visible>Skin.HasSetting(UseColoredBackground14) + ![Skin.HasSetting(UseCustomBackground) + !String.IsEmpty(Skin.String(CustomBackgroundPath))]</visible>
			<include>VisibleFadeEffect</include>
		</control>
		<control type="image">
			<depth>DepthBackground</depth>
			<description>Normal Default Background Image 15</description>
			<include>BackgroundDimensions</include>
			<aspectratio>scale</aspectratio>
			<texture>special://skin/extras/backgrounds/multicoloured/DEEP ORANGE.jpg</texture>
			<visible>Skin.HasSetting(UseColoredBackground15) + ![Skin.HasSetting(UseCustomBackground) + !String.IsEmpty(Skin.String(CustomBackgroundPath))]</visible>
			<include>VisibleFadeEffect</include>
		</control>
		<control type="image">
			<depth>DepthBackground</depth>
			<description>Normal Default Background Image 16</description>
			<include>BackgroundDimensions</include>
			<aspectratio>scale</aspectratio>
			<texture>special://skin/extras/backgrounds/multicoloured/BROWN.jpg</texture>
			<visible>Skin.HasSetting(UseColoredBackground16) + ![Skin.HasSetting(UseCustomBackground) + !String.IsEmpty(Skin.String(CustomBackgroundPath))]</visible>
			<include>VisibleFadeEffect</include>
		</control>
		<control type="image">
			<depth>DepthBackground</depth>
			<description>Normal Default Background Image 17</description>
			<include>BackgroundDimensions</include>
			<aspectratio>scale</aspectratio>
			<texture>special://skin/extras/backgrounds/multicoloured/BLUE GREY.jpg</texture>
			<visible>Skin.HasSetting(UseColoredBackground17) + ![Skin.HasSetting(UseCustomBackground) + !String.IsEmpty(Skin.String(CustomBackgroundPath))]</visible>
			<include>VisibleFadeEffect</include>
		</control>
		<control type="image">
			<depth>DepthBackground</depth>
			<description>Normal Default Background Image 18</description>
			<include>BackgroundDimensions</include>
			<aspectratio>scale</aspectratio>
			<texture>special://skin/extras/backgrounds/multicoloured/GREY.jpg</texture>
			<visible>Skin.HasSetting(UseColoredBackground18) + ![Skin.HasSetting(UseCustomBackground) + !String.IsEmpty(Skin.String(CustomBackgroundPath))]</visible>
			<include>VisibleFadeEffect</include>
		</control>
		<control type="image">
			<depth>DepthBackground</depth>
			<description>Normal Default Background Image 19</description>
			<include>BackgroundDimensions</include>
			<aspectratio>scale</aspectratio>
			<texture>special://skin/extras/backgrounds/multicoloured_persp/RED.jpg</texture>
			<visible>Skin.HasSetting(UseColoredBackground19) + ![Skin.HasSetting(UseCustomBackground) + !String.IsEmpty(Skin.String(CustomBackgroundPath))]</visible>
			<include>VisibleFadeEffect</include>
		</control>
		<control type="image">
			<depth>DepthBackground</depth>
			<description>Normal Default Background Image 20</description>
			<include>BackgroundDimensions</include>
			<aspectratio>scale</aspectratio>
			<texture>special://skin/extras/backgrounds/multicoloured_persp/PINK.jpg</texture>
			<visible>Skin.HasSetting(UseColoredBackground20) + ![Skin.HasSetting(UseCustomBackground) + !String.IsEmpty(Skin.String(CustomBackgroundPath))]</visible>
			<include>VisibleFadeEffect</include>
		</control>
		<control type="image">
			<depth>DepthBackground</depth>
			<description>Normal Default Background Image 21</description>
			<include>BackgroundDimensions</include>
			<aspectratio>scale</aspectratio>
			<texture>special://skin/extras/backgrounds/multicoloured_persp/PURPLE.jpg</texture>
			<visible>Skin.HasSetting(UseColoredBackground21) + ![Skin.HasSetting(UseCustomBackground) + !String.IsEmpty(Skin.String(CustomBackgroundPath))]</visible>
			<include>VisibleFadeEffect</include>
		</control>
		<control type="image">
			<depth>DepthBackground</depth>
			<description>Normal Default Background Image 22</description>
			<include>BackgroundDimensions</include>
			<aspectratio>scale</aspectratio>
			<texture>special://skin/extras/backgrounds/multicoloured_persp/DEEP PURPLE.jpg</texture>
			<visible>Skin.HasSetting(UseColoredBackground22) + ![Skin.HasSetting(UseCustomBackground) + !String.IsEmpty(Skin.String(CustomBackgroundPath))]</visible>
			<include>VisibleFadeEffect</include>
		</control>
		<control type="image">
			<depth>DepthBackground</depth>
			<description>Normal Default Background Image 23</description>
			<include>BackgroundDimensions</include>
			<aspectratio>scale</aspectratio>
			<texture>special://skin/extras/backgrounds/multicoloured_persp/INDIGO.jpg</texture>
			<visible>Skin.HasSetting(UseColoredBackground23) + ![Skin.HasSetting(UseCustomBackground) + !String.IsEmpty(Skin.String(CustomBackgroundPath))]</visible>
			<include>VisibleFadeEffect</include>
		</control>
		<control type="image">
			<depth>DepthBackground</depth>
			<description>Normal Default Background Image 24</description>
			<include>BackgroundDimensions</include>
			<aspectratio>scale</aspectratio>
			<texture>special://skin/extras/backgrounds/multicoloured_persp/BLUE.jpg</texture>
			<visible>Skin.HasSetting(UseColoredBackground24) + ![Skin.HasSetting(UseCustomBackground) + !String.IsEmpty(Skin.String(CustomBackgroundPath))]</visible>
			<include>VisibleFadeEffect</include>
		</control>
		<control type="image">
			<depth>DepthBackground</depth>
			<description>Normal Default Background Image 25</description>
			<include>BackgroundDimensions</include>
			<aspectratio>scale</aspectratio>
			<texture>special://skin/extras/backgrounds/multicoloured_persp/LIGHT BLUE.jpg</texture>
			<visible>Skin.HasSetting(UseColoredBackground25) + ![Skin.HasSetting(UseCustomBackground) + !String.IsEmpty(Skin.String(CustomBackgroundPath))]</visible>
			<include>VisibleFadeEffect</include>
		</control>
		<control type="image">
			<depth>DepthBackground</depth>
			<description>Normal Default Background Image 26</description>
			<include>BackgroundDimensions</include>
			<aspectratio>scale</aspectratio>
			<texture>special://skin/extras/backgrounds/multicoloured_persp/CYAN.jpg</texture>
			<visible>Skin.HasSetting(UseColoredBackground26) + ![Skin.HasSetting(UseCustomBackground) + !String.IsEmpty(Skin.String(CustomBackgroundPath))]</visible>
			<include>VisibleFadeEffect</include>
		</control>
		<control type="image">
			<depth>DepthBackground</depth>
			<description>Normal Default Background Image 27</description>
			<include>BackgroundDimensions</include>
			<aspectratio>scale</aspectratio>
			<texture>special://skin/extras/backgrounds/multicoloured_persp/TEAL.jpg</texture>
			<visible>Skin.HasSetting(UseColoredBackground27) + ![Skin.HasSetting(UseCustomBackground) + !String.IsEmpty(Skin.String(CustomBackgroundPath))]</visible>
			<include>VisibleFadeEffect</include>
		</control>
		<control type="image">
			<depth>DepthBackground</depth>
			<description>Normal Default Background Image 28</description>
			<include>BackgroundDimensions</include>
			<aspectratio>scale</aspectratio>
			<texture>special://skin/extras/backgrounds/multicoloured_persp/GREEN.jpg</texture>
			<visible>Skin.HasSetting(UseColoredBackground28) + ![Skin.HasSetting(UseCustomBackground) + !String.IsEmpty(Skin.String(CustomBackgroundPath))]</visible>
			<include>VisibleFadeEffect</include>
		</control>
		<control type="image">
			<depth>DepthBackground</depth>
			<description>Normal Default Background Image 29</description>
			<include>BackgroundDimensions</include>
			<aspectratio>scale</aspectratio>
			<texture>special://skin/extras/backgrounds/multicoloured_persp/LIGHT GREEN.jpg</texture>
			<visible>Skin.HasSetting(UseColoredBackground29) + ![Skin.HasSetting(UseCustomBackground) + !String.IsEmpty(Skin.String(CustomBackgroundPath))]</visible>
			<include>VisibleFadeEffect</include>
		</control>
		<control type="image">
			<depth>DepthBackground</depth>
			<description>Normal Default Background Image 30</description>
			<include>BackgroundDimensions</include>
			<aspectratio>scale</aspectratio>
			<texture>special://skin/extras/backgrounds/multicoloured_persp/LIME.jpg</texture>
			<visible>Skin.HasSetting(UseColoredBackground30) + ![Skin.HasSetting(UseCustomBackground) + !String.IsEmpty(Skin.String(CustomBackgroundPath))]</visible>
			<include>VisibleFadeEffect</include>
		</control>
		<control type="image">
			<depth>DepthBackground</depth>
			<description>Normal Default Background Image 31</description>
			<include>BackgroundDimensions</include>
			<aspectratio>scale</aspectratio>
			<texture>special://skin/extras/backgrounds/multicoloured_persp/YELLOW.jpg</texture>
			<visible>Skin.HasSetting(UseColoredBackground31) + ![Skin.HasSetting(UseCustomBackground) + !String.IsEmpty(Skin.String(CustomBackgroundPath))]</visible>
			<include>VisibleFadeEffect</include>
		</control>
		<control type="image">
			<depth>DepthBackground</depth>
			<description>Normal Default Background Image 32</description>
			<include>BackgroundDimensions</include>
			<aspectratio>scale</aspectratio>
			<texture>special://skin/extras/backgrounds/multicoloured_persp/AMBER.jpg</texture>
			<visible>Skin.HasSetting(UseColoredBackground32) + ![Skin.HasSetting(UseCustomBackground) + !String.IsEmpty(Skin.String(CustomBackgroundPath))]</visible>
			<include>VisibleFadeEffect</include>
		</control>
		<control type="image">
			<depth>DepthBackground</depth>
			<description>Normal Default Background Image 33</description>
			<include>BackgroundDimensions</include>
			<aspectratio>scale</aspectratio>
			<texture>special://skin/extras/backgrounds/multicoloured_persp/ORANGE.jpg</texture>
			<visible>Skin.HasSetting(UseColoredBackground33) + ![Skin.HasSetting(UseCustomBackground) + !String.IsEmpty(Skin.String(CustomBackgroundPath))]</visible>
			<include>VisibleFadeEffect</include>
		</control>
		<control type="image">
			<depth>DepthBackground</depth>
			<description>Normal Default Background Image 34</description>
			<include>BackgroundDimensions</include>
			<aspectratio>scale</aspectratio>
			<texture>special://skin/extras/backgrounds/multicoloured_persp/DEEP ORANGE.jpg</texture>
			<visible>Skin.HasSetting(UseColoredBackground34) + ![Skin.HasSetting(UseCustomBackground) + !String.IsEmpty(Skin.String(CustomBackgroundPath))]</visible>
			<include>VisibleFadeEffect</include>
		</control>
		<control type="image">
			<depth>DepthBackground</depth>
			<description>Normal Default Background Image 35</description>
			<include>BackgroundDimensions</include>
			<aspectratio>scale</aspectratio>
			<texture>special://skin/extras/backgrounds/multicoloured_persp/BROWN.jpg</texture>
			<visible>Skin.HasSetting(UseColoredBackground35) + ![Skin.HasSetting(UseCustomBackground) + !String.IsEmpty(Skin.String(CustomBackgroundPath))]</visible>
			<include>VisibleFadeEffect</include>
		</control>
		<control type="image">
			<depth>DepthBackground</depth>
			<description>Normal Default Background Image 36</description>
			<include>BackgroundDimensions</include>
			<aspectratio>scale</aspectratio>
			<texture>special://skin/extras/backgrounds/multicoloured_persp/BLUE GREY.jpg</texture>
			<visible>Skin.HasSetting(UseColoredBackground36) + ![Skin.HasSetting(UseCustomBackground) + !String.IsEmpty(Skin.String(CustomBackgroundPath))]</visible>
			<include>VisibleFadeEffect</include>
		</control>
		<control type="image">
			<depth>DepthBackground</depth>
			<description>Normal Default Background Image 37</description>
			<include>BackgroundDimensions</include>
			<aspectratio>scale</aspectratio>
			<texture>special://skin/extras/backgrounds/multicoloured_persp/GREY.jpg</texture>
			<visible>Skin.HasSetting(UseColoredBackground37) + ![Skin.HasSetting(UseCustomBackground) + !String.IsEmpty(Skin.String(CustomBackgroundPath))]</visible>
			<include>VisibleFadeEffect</include>
		</control>
		<control type="image">
			<depth>DepthBackground</depth>
			<description>Normal Default Background Image 38</description>
			<include>BackgroundDimensions</include>
			<aspectratio>scale</aspectratio>
			<texture>special://skin/extras/backgrounds/multicoloured_tres/RED.jpg</texture>
			<visible>Skin.HasSetting(UseColoredBackground38) + ![Skin.HasSetting(UseCustomBackground) + !String.IsEmpty(Skin.String(CustomBackgroundPath))]</visible>
			<include>VisibleFadeEffect</include>
		</control>
		<control type="image">
			<depth>DepthBackground</depth>
			<description>Normal Default Background Image 39</description>
			<include>BackgroundDimensions</include>
			<aspectratio>scale</aspectratio>
			<texture>special://skin/extras/backgrounds/multicoloured_tres/PINK.jpg</texture>
			<visible>Skin.HasSetting(UseColoredBackground39) + ![Skin.HasSetting(UseCustomBackground) + !String.IsEmpty(Skin.String(CustomBackgroundPath))]</visible>
			<include>VisibleFadeEffect</include>
		</control>
		<control type="image">
			<depth>DepthBackground</depth>
			<description>Normal Default Background Image 40</description>
			<include>BackgroundDimensions</include>
			<aspectratio>scale</aspectratio>
			<texture>special://skin/extras/backgrounds/multicoloured_tres/PURPLE.jpg</texture>
			<visible>Skin.HasSetting(UseColoredBackground40) + ![Skin.HasSetting(UseCustomBackground) + !String.IsEmpty(Skin.String(CustomBackgroundPath))]</visible>
			<include>VisibleFadeEffect</include>
		</control>
		<control type="image">
			<depth>DepthBackground</depth>
			<description>Normal Default Background Image 41</description>
			<include>BackgroundDimensions</include>
			<aspectratio>scale</aspectratio>
			<texture>special://skin/extras/backgrounds/multicoloured_tres/DEEP PURPLE.jpg</texture>
			<visible>Skin.HasSetting(UseColoredBackground41) + ![Skin.HasSetting(UseCustomBackground) + !String.IsEmpty(Skin.String(CustomBackgroundPath))]</visible>
			<include>VisibleFadeEffect</include>
		</control>
		<control type="image">
			<depth>DepthBackground</depth>
			<description>Normal Default Background Image 42</description>
			<include>BackgroundDimensions</include>
			<aspectratio>scale</aspectratio>
			<texture>special://skin/extras/backgrounds/multicoloured_tres/INDIGO.jpg</texture>
			<visible>Skin.HasSetting(UseColoredBackground42) + ![Skin.HasSetting(UseCustomBackground) + !String.IsEmpty(Skin.String(CustomBackgroundPath))]</visible>
			<include>VisibleFadeEffect</include>
		</control>
		<control type="image">
			<depth>DepthBackground</depth>
			<description>Normal Default Background Image 43</description>
			<include>BackgroundDimensions</include>
			<aspectratio>scale</aspectratio>
			<texture>special://skin/extras/backgrounds/multicoloured_tres/BLUE.jpg</texture>
			<visible>Skin.HasSetting(UseColoredBackground43) + ![Skin.HasSetting(UseCustomBackground) + !String.IsEmpty(Skin.String(CustomBackgroundPath))]</visible>
			<include>VisibleFadeEffect</include>
		</control>
		<control type="image">
			<depth>DepthBackground</depth>
			<description>Normal Default Background Image 44</description>
			<include>BackgroundDimensions</include>
			<aspectratio>scale</aspectratio>
			<texture>special://skin/extras/backgrounds/multicoloured_tres/LIGHT BLUE.jpg</texture>
			<visible>Skin.HasSetting(UseColoredBackground44) + ![Skin.HasSetting(UseCustomBackground) + !String.IsEmpty(Skin.String(CustomBackgroundPath))]</visible>
			<include>VisibleFadeEffect</include>
		</control>
		<control type="image">
			<depth>DepthBackground</depth>
			<description>Normal Default Background Image 45</description>
			<include>BackgroundDimensions</include>
			<aspectratio>scale</aspectratio>
			<texture>special://skin/extras/backgrounds/multicoloured_tres/CYAN.jpg</texture>
			<visible>Skin.HasSetting(UseColoredBackground45) + ![Skin.HasSetting(UseCustomBackground) + !String.IsEmpty(Skin.String(CustomBackgroundPath))]</visible>
			<include>VisibleFadeEffect</include>
		</control>
		<control type="image">
			<depth>DepthBackground</depth>
			<description>Normal Default Background Image 46</description>
			<include>BackgroundDimensions</include>
			<aspectratio>scale</aspectratio>
			<texture>special://skin/extras/backgrounds/multicoloured_tres/TEAL.jpg</texture>
			<visible>Skin.HasSetting(UseColoredBackground46) + ![Skin.HasSetting(UseCustomBackground) + !String.IsEmpty(Skin.String(CustomBackgroundPath))]</visible>
			<include>VisibleFadeEffect</include>
		</control>
		<control type="image">
			<depth>DepthBackground</depth>
			<description>Normal Default Background Image 47</description>
			<include>BackgroundDimensions</include>
			<aspectratio>scale</aspectratio>
			<texture>special://skin/extras/backgrounds/multicoloured_tres/GREEN.jpg</texture>
			<visible>Skin.HasSetting(UseColoredBackground47) + ![Skin.HasSetting(UseCustomBackground) + !String.IsEmpty(Skin.String(CustomBackgroundPath))]</visible>
			<include>VisibleFadeEffect</include>
		</control>
		<control type="image">
			<depth>DepthBackground</depth>
			<description>Normal Default Background Image 48</description>
			<include>BackgroundDimensions</include>
			<aspectratio>scale</aspectratio>
			<texture>special://skin/extras/backgrounds/multicoloured_tres/LIGHT GREEN.jpg</texture>
			<visible>Skin.HasSetting(UseColoredBackground48) + ![Skin.HasSetting(UseCustomBackground) + !String.IsEmpty(Skin.String(CustomBackgroundPath))]</visible>
			<include>VisibleFadeEffect</include>
		</control>
		<control type="image">
			<depth>DepthBackground</depth>
			<description>Normal Default Background Image 49</description>
			<include>BackgroundDimensions</include>
			<aspectratio>scale</aspectratio>
			<texture>special://skin/extras/backgrounds/multicoloured_tres/LIME.jpg</texture>
			<visible>Skin.HasSetting(UseColoredBackground49) + ![Skin.HasSetting(UseCustomBackground) + !String.IsEmpty(Skin.String(CustomBackgroundPath))]</visible>
			<include>VisibleFadeEffect</include>
		</control>
		<control type="image">
			<depth>DepthBackground</depth>
			<description>Normal Default Background Image 50</description>
			<include>BackgroundDimensions</include>
			<aspectratio>scale</aspectratio>
			<texture>special://skin/extras/backgrounds/multicoloured_tres/YELLOW.jpg</texture>
			<visible>Skin.HasSetting(UseColoredBackground50) + ![Skin.HasSetting(UseCustomBackground) + !String.IsEmpty(Skin.String(CustomBackgroundPath))]</visible>
			<include>VisibleFadeEffect</include>
		</control>
		<control type="image">
			<depth>DepthBackground</depth>
			<description>Normal Default Background Image 51</description>
			<include>BackgroundDimensions</include>
			<aspectratio>scale</aspectratio>
			<texture>special://skin/extras/backgrounds/multicoloured_tres/AMBER.jpg</texture>
			<visible>Skin.HasSetting(UseColoredBackground51) + ![Skin.HasSetting(UseCustomBackground) + !String.IsEmpty(Skin.String(CustomBackgroundPath))]</visible>
			<include>VisibleFadeEffect</include>
		</control>
		<control type="image">
			<depth>DepthBackground</depth>
			<description>Normal Default Background Image 52</description>
			<include>BackgroundDimensions</include>
			<aspectratio>scale</aspectratio>
			<texture>special://skin/extras/backgrounds/multicoloured_tres/ORANGE.jpg</texture>
			<visible>Skin.HasSetting(UseColoredBackground52) + ![Skin.HasSetting(UseCustomBackground) + !String.IsEmpty(Skin.String(CustomBackgroundPath))]</visible>
			<include>VisibleFadeEffect</include>
		</control>
		<control type="image">
			<depth>DepthBackground</depth>
			<description>Normal Default Background Image 53</description>
			<include>BackgroundDimensions</include>
			<aspectratio>scale</aspectratio>
			<texture>special://skin/extras/backgrounds/multicoloured_tres/DEEP ORANGE.jpg</texture>
			<visible>Skin.HasSetting(UseColoredBackground53) + ![Skin.HasSetting(UseCustomBackground) + !String.IsEmpty(Skin.String(CustomBackgroundPath))]</visible>
			<include>VisibleFadeEffect</include>
		</control>
		<control type="image">
			<depth>DepthBackground</depth>
			<description>Normal Default Background Image 54</description>
			<include>BackgroundDimensions</include>
			<aspectratio>scale</aspectratio>
			<texture>special://skin/extras/backgrounds/multicoloured_tres/BROWN.jpg</texture>
			<visible>Skin.HasSetting(UseColoredBackground54) + ![Skin.HasSetting(UseCustomBackground) + !String.IsEmpty(Skin.String(CustomBackgroundPath))]</visible>
			<include>VisibleFadeEffect</include>
		</control>
		<control type="image">
			<depth>DepthBackground</depth>
			<description>Normal Default Background Image 55</description>
			<include>BackgroundDimensions</include>
			<aspectratio>scale</aspectratio>
			<texture>special://skin/extras/backgrounds/multicoloured_tres/BLUE GREY.jpg</texture>
			<visible>Skin.HasSetting(UseColoredBackground55) + ![Skin.HasSetting(UseCustomBackground) + !String.IsEmpty(Skin.String(CustomBackgroundPath))]</visible>
			<include>VisibleFadeEffect</include>
		</control>
		<control type="image">
			<depth>DepthBackground</depth>
			<description>Normal Default Background Image 56</description>
			<include>BackgroundDimensions</include>
			<aspectratio>scale</aspectratio>
			<texture>special://skin/extras/backgrounds/multicoloured_tres/GREY.jpg</texture>
			<visible>Skin.HasSetting(UseColoredBackground56) + ![Skin.HasSetting(UseCustomBackground) + !String.IsEmpty(Skin.String(CustomBackgroundPath))]</visible>
			<include>VisibleFadeEffect</include>
		</control>
		
	</include>
</includes>