<?xml version='1.0' encoding='UTF-8'?>
<includes>
	<include name="skinshortcuts-mainmenu">
		<item id="1">
			<property name="id">$NUMBER[1]</property>
			<label>$LOCALIZE[342]</label>
			<label2>Ítem de menú Común</label2>
			<icon>DefaultShortcut.png</icon>
			<thumb />
			<property name="labelID">movies</property>
			<property name="defaultID">movies</property>
			<property name="widgetLayout">Square</property>
			<visible>[Library.HasContent(Movies)] + [Library.HasContent(Movies)]</visible>
			<onclick>ActivateWindow(Videos,videodb://movies/titles/,return)</onclick>
			<property name="path">ActivateWindow(Videos,videodb://movies/titles/,return)</property>
			<property name="list">videodb://movies/titles/</property>
			<visible>String.IsEqual(System.ProfileName,Master user)</visible>
			<property name="submenuVisibility">movies</property>
			<property name="group">mainmenu</property>
			<property name="hasSubmenu">True</property>
		</item>
		<item id="2">
			<property name="id">$NUMBER[2]</property>
			<label>$LOCALIZE[20343]</label>
			<label2>Ítem de menú Común</label2>
			<icon>DefaultShortcut.png</icon>
			<thumb />
			<property name="labelID">tvshows</property>
			<property name="defaultID">tvshows</property>
			<property name="widgetLayout">Square</property>
			<visible>[Library.HasContent(TVShows)] + [Library.HasContent(TVShows)]</visible>
			<onclick>ActivateWindow(Videos,videodb://tvshows/titles/,return)</onclick>
			<property name="path">ActivateWindow(Videos,videodb://tvshows/titles/,return)</property>
			<property name="list">videodb://tvshows/titles/</property>
			<visible>String.IsEqual(System.ProfileName,Master user)</visible>
			<property name="submenuVisibility">tvshows</property>
			<property name="group">mainmenu</property>
			<property name="hasSubmenu">True</property>
		</item>
		<item id="3">
			<property name="id">$NUMBER[3]</property>
			<label>CRISTAL AZUL</label>
			<label2>Complemento de Vídeo</label2>
			<icon>DefaultShortcut.png</icon>
			<thumb>image://C%3a%5cUsers%5cchikiry%5cAppData%5cRoaming%5cKodi%5caddons%5cplugin.video.cristalazul%5cicon.gif/</thumb>
			<property name="labelID">plugin.video.cristalazul</property>
			<property name="defaultID">plugin.video.cristalazul</property>
			<property name="translatedPath">ActivateWindow(Videos,"plugin://plugin.video.cristalazul",return)</property>
			<property name="widgetLayout">Square</property>
			<onclick>ActivateWindow(Videos,"plugin://plugin.video.cristalazul",return)</onclick>
			<property name="path">ActivateWindow(Videos,"plugin://plugin.video.cristalazul",return)</property>
			<property name="list">plugin://plugin.video.cristalazul</property>
			<visible>String.IsEqual(System.ProfileName,Master user)</visible>
			<property name="submenuVisibility">plugin-video-cristalazul</property>
			<property name="group">mainmenu</property>
			<property name="hasSubmenu">False</property>
		</item>
		<item id="4">
			<property name="id">$NUMBER[4]</property>
			<label>WINNER SPORTS</label>
			<label2>Complemento de Vídeo</label2>
			<icon>DefaultShortcut.png</icon>
			<thumb>image://C%3a%5cUsers%5cchikiry%5cAppData%5cRoaming%5cKodi%5caddons%5cplugin.video.winner%5cicon.gif/</thumb>
			<property name="labelID">plugin.video.winner</property>
			<property name="defaultID">plugin.video.winner</property>
			<property name="translatedPath">ActivateWindow(Videos,"plugin://plugin.video.winner",return)</property>
			<property name="widgetLayout">Square</property>
			<onclick>ActivateWindow(Videos,"plugin://plugin.video.winner",return)</onclick>
			<property name="path">ActivateWindow(Videos,"plugin://plugin.video.winner",return)</property>
			<property name="list">plugin://plugin.video.winner</property>
			<visible>String.IsEqual(System.ProfileName,Master user)</visible>
			<property name="submenuVisibility">plugin-video-winner</property>
			<property name="group">mainmenu</property>
			<property name="hasSubmenu">False</property>
		</item>
		<item id="5">
			<property name="id">$NUMBER[5]</property>
			<label>FESTA</label>
			<label2>Complemento de Vídeo</label2>
			<icon>DefaultShortcut.png</icon>
			<thumb>image://C%3a%5cUsers%5cchikiry%5cAppData%5cRoaming%5cKodi%5caddons%5cplugin.video.festa%5cicon.gif/</thumb>
			<property name="labelID">plugin.video.festa</property>
			<property name="defaultID">plugin.video.festa</property>
			<property name="translatedPath">ActivateWindow(Videos,"plugin://plugin.video.festa",return)</property>
			<property name="widgetLayout">Square</property>
			<onclick>ActivateWindow(Videos,"plugin://plugin.video.festa",return)</onclick>
			<property name="path">ActivateWindow(Videos,"plugin://plugin.video.festa",return)</property>
			<property name="list">plugin://plugin.video.festa</property>
			<visible>String.IsEqual(System.ProfileName,Master user)</visible>
			<property name="submenuVisibility">plugin-video-festa</property>
			<property name="group">mainmenu</property>
			<property name="hasSubmenu">False</property>
		</item>
		<item id="6">
			<property name="id">$NUMBER[6]</property>
			<label>ATRESPLAYER</label>
			<label2>Complemento de Vídeo</label2>
			<icon>DefaultShortcut.png</icon>
			<thumb>image://C%3a%5cUsers%5cchikiry%5cAppData%5cRoaming%5cKodi%5caddons%5cplugin.video.atresplayer%5cicon.png/</thumb>
			<property name="labelID">plugin.video.atresplayer</property>
			<property name="defaultID">plugin.video.atresplayer</property>
			<property name="translatedPath">ActivateWindow(Videos,"plugin://plugin.video.atresplayer",return)</property>
			<property name="widgetLayout">Square</property>
			<onclick>ActivateWindow(Videos,"plugin://plugin.video.atresplayer",return)</onclick>
			<property name="path">ActivateWindow(Videos,"plugin://plugin.video.atresplayer",return)</property>
			<property name="list">plugin://plugin.video.atresplayer</property>
			<visible>String.IsEqual(System.ProfileName,Master user)</visible>
			<property name="submenuVisibility">plugin-video-atresplayer</property>
			<property name="group">mainmenu</property>
			<property name="hasSubmenu">False</property>
		</item>
		<item id="7">
			<property name="id">$NUMBER[7]</property>
			<label>MITELE</label>
			<label2>Complemento de Vídeo</label2>
			<icon>DefaultShortcut.png</icon>
			<thumb>image://C%3a%5cUsers%5cchikiry%5cAppData%5cRoaming%5cKodi%5caddons%5cplugin.video.mitele%5cicon.png/</thumb>
			<property name="labelID">plugin.video.mitele</property>
			<property name="defaultID">plugin.video.mitele</property>
			<property name="translatedPath">ActivateWindow(Videos,"plugin://plugin.video.mitele",return)</property>
			<property name="widgetLayout">Square</property>
			<onclick>ActivateWindow(Videos,"plugin://plugin.video.mitele",return)</onclick>
			<property name="path">ActivateWindow(Videos,"plugin://plugin.video.mitele",return)</property>
			<property name="list">plugin://plugin.video.mitele</property>
			<visible>String.IsEqual(System.ProfileName,Master user)</visible>
			<property name="submenuVisibility">plugin-video-mitele</property>
			<property name="group">mainmenu</property>
			<property name="hasSubmenu">False</property>
		</item>
		<item id="8">
			<property name="id">$NUMBER[8]</property>
			<label>PALANTIR 2</label>
			<label2>Complemento de Vídeo</label2>
			<icon>DefaultShortcut.png</icon>
			<thumb>image://C%3a%5cUsers%5cchikiry%5cAppData%5cRoaming%5cKodi%5caddons%5cplugin.video.palantir2%5cicon.png/</thumb>
			<property name="labelID">plugin.video.palantir2</property>
			<property name="defaultID">plugin.video.palantir2</property>
			<property name="translatedPath">ActivateWindow(Videos,"plugin://plugin.video.palantir2",return)</property>
			<property name="widgetLayout">Square</property>
			<onclick>ActivateWindow(Videos,"plugin://plugin.video.palantir2",return)</onclick>
			<property name="path">ActivateWindow(Videos,"plugin://plugin.video.palantir2",return)</property>
			<property name="list">plugin://plugin.video.palantir2</property>
			<visible>String.IsEqual(System.ProfileName,Master user)</visible>
			<property name="submenuVisibility">plugin-video-palantir2</property>
			<property name="group">mainmenu</property>
			<property name="hasSubmenu">False</property>
		</item>
		<item id="9">
			<property name="id">$NUMBER[9]</property>
			<label>NOVELAS STREAM</label>
			<label2>Complemento de Vídeo</label2>
			<icon>DefaultShortcut.png</icon>
			<thumb>image://C%3a%5cUsers%5cchikiry%5cAppData%5cRoaming%5cKodi%5caddons%5cplugin.video.novelasstream%5cicon.png/</thumb>
			<property name="labelID">plugin.video.novelasstream</property>
			<property name="defaultID">plugin.video.novelasstream</property>
			<property name="translatedPath">ActivateWindow(Videos,"plugin://plugin.video.novelasstream",return)</property>
			<property name="widgetLayout">Square</property>
			<onclick>ActivateWindow(Videos,"plugin://plugin.video.novelasstream",return)</onclick>
			<property name="path">ActivateWindow(Videos,"plugin://plugin.video.novelasstream",return)</property>
			<property name="list">plugin://plugin.video.novelasstream</property>
			<visible>String.IsEqual(System.ProfileName,Master user)</visible>
			<property name="submenuVisibility">plugin-video-novelasstream</property>
			<property name="group">mainmenu</property>
			<property name="hasSubmenu">False</property>
		</item>
		<item id="10">
			<property name="id">$NUMBER[10]</property>
			<label>DISCOVERY +</label>
			<label2>Complemento de Vídeo</label2>
			<icon>DefaultShortcut.png</icon>
			<thumb>image://C%3a%5cUsers%5cchikiry%5cAppData%5cRoaming%5cKodi%5caddons%5cplugin.video.discoveryplus%5cicon.png/</thumb>
			<property name="labelID">plugin.video.discoveryplus</property>
			<property name="defaultID">plugin.video.discoveryplus</property>
			<property name="translatedPath">ActivateWindow(Videos,"plugin://plugin.video.discoveryplus",return)</property>
			<property name="widgetLayout">Square</property>
			<onclick>ActivateWindow(Videos,"plugin://plugin.video.discoveryplus",return)</onclick>
			<property name="path">ActivateWindow(Videos,"plugin://plugin.video.discoveryplus",return)</property>
			<property name="list">plugin://plugin.video.discoveryplus</property>
			<visible>String.IsEqual(System.ProfileName,Master user)</visible>
			<property name="submenuVisibility">plugin-video-discoveryplus</property>
			<property name="group">mainmenu</property>
			<property name="hasSubmenu">False</property>
		</item>
		<item id="11">
			<property name="id">$NUMBER[11]</property>
			<label>FESTA KIDS</label>
			<label2>Complemento de Vídeo</label2>
			<icon>DefaultShortcut.png</icon>
			<thumb>image://C%3a%5cUsers%5cchikiry%5cAppData%5cRoaming%5cKodi%5caddons%5cplugin.video.festakids%5cicon.gif/</thumb>
			<property name="labelID">plugin.video.festakids</property>
			<property name="defaultID">plugin.video.festakids</property>
			<property name="translatedPath">ActivateWindow(Videos,"plugin://plugin.video.festakids",return)</property>
			<property name="widgetLayout">Square</property>
			<onclick>ActivateWindow(Videos,"plugin://plugin.video.festakids",return)</onclick>
			<property name="path">ActivateWindow(Videos,"plugin://plugin.video.festakids",return)</property>
			<property name="list">plugin://plugin.video.festakids</property>
			<visible>String.IsEqual(System.ProfileName,Master user)</visible>
			<property name="submenuVisibility">plugin-video-festakids</property>
			<property name="group">mainmenu</property>
			<property name="hasSubmenu">False</property>
		</item>
		<item id="12">
			<property name="id">$NUMBER[12]</property>
			<label>CLAN</label>
			<label2>Complemento de Vídeo</label2>
			<icon>DefaultShortcut.png</icon>
			<thumb>image://C%3a%5cUsers%5cchikiry%5cAppData%5cRoaming%5cKodi%5caddons%5cplugin.video.clan%5cicon.gif/</thumb>
			<property name="labelID">plugin.video.clan</property>
			<property name="defaultID">plugin.video.clan</property>
			<property name="translatedPath">ActivateWindow(Videos,"plugin://plugin.video.clan",return)</property>
			<property name="widgetLayout">Square</property>
			<onclick>ActivateWindow(Videos,"plugin://plugin.video.clan",return)</onclick>
			<property name="path">ActivateWindow(Videos,"plugin://plugin.video.clan",return)</property>
			<property name="list">plugin://plugin.video.clan</property>
			<visible>String.IsEqual(System.ProfileName,Master user)</visible>
			<property name="submenuVisibility">plugin-video-clan</property>
			<property name="group">mainmenu</property>
			<property name="hasSubmenu">False</property>
		</item>
		<item id="13">
			<property name="id">$NUMBER[13]</property>
			<label>+ ADDONS</label>
			<label2>Programa</label2>
			<icon>DefaultShortcut.png</icon>
			<thumb>image://C%3a%5cUsers%5cchikiry%5cAppData%5cRoaming%5cKodi%5caddons%5cscript.luar%5cicon.gif/</thumb>
			<property name="labelID">script.luar</property>
			<property name="defaultID">script.luar</property>
			<property name="translatedPath">ActivateWindow(Programs,"plugin://script.luar",return)</property>
			<property name="widgetLayout">Square</property>
			<onclick>ActivateWindow(Programs,"plugin://script.luar",return)</onclick>
			<property name="path">ActivateWindow(Programs,"plugin://script.luar",return)</property>
			<property name="list">plugin://script.luar</property>
			<visible>String.IsEqual(System.ProfileName,Master user)</visible>
			<property name="submenuVisibility">script-luar</property>
			<property name="group">mainmenu</property>
			<property name="hasSubmenu">False</property>
		</item>
		<item id="14">
			<property name="id">$NUMBER[14]</property>
			<label>ADDONS</label>
			<label2>Addons</label2>
			<icon>DefaultShortcut.png</icon>
			<thumb />
			<property name="labelID">addons</property>
			<property name="defaultID">programs</property>
			<property name="widgetLayout">Square</property>
			<onclick>ActivateWindow(AddonBrowser)</onclick>
			<property name="path">ActivateWindow(AddonBrowser)</property>
			<property name="list">AddonBrowser</property>
			<visible>String.IsEqual(System.ProfileName,Master user)</visible>
			<property name="submenuVisibility">addons</property>
			<property name="group">mainmenu</property>
			<property name="hasSubmenu">False</property>
		</item>
		<item id="15">
			<property name="id">$NUMBER[15]</property>
			<label>AJUSTES SKIN</label>
			<label2>Ajustes</label2>
			<icon>DefaultShortcut.png</icon>
			<thumb />
			<property name="labelID">ajustesskin</property>
			<property name="defaultID">20077</property>
			<property name="translatedPath">ActivateWindow(SkinSettings)</property>
			<property name="widgetLayout">Square</property>
			<onclick>ActivateWindow(SkinSettings)</onclick>
			<property name="path">ActivateWindow(SkinSettings)</property>
			<property name="list">SkinSettings</property>
			<visible>String.IsEqual(System.ProfileName,Master user)</visible>
			<property name="submenuVisibility">ajustesskin</property>
			<property name="group">mainmenu</property>
			<property name="hasSubmenu">False</property>
		</item>
		<item id="16">
			<property name="id">$NUMBER[16]</property>
			<label>SISTEMA</label>
			<label2>Ítem de menú Común</label2>
			<icon>DefaultShortcut.png</icon>
			<thumb />
			<property name="labelID">sistema</property>
			<property name="defaultID">settings</property>
			<property name="widgetLayout">Square</property>
			<onclick>ActivateWindow(Settings)</onclick>
			<property name="path">ActivateWindow(Settings)</property>
			<property name="list">Settings</property>
			<visible>String.IsEqual(System.ProfileName,Master user)</visible>
			<property name="submenuVisibility">sistema</property>
			<property name="group">mainmenu</property>
			<property name="hasSubmenu">False</property>
		</item>
		<item id="17">
			<property name="id">$NUMBER[17]</property>
			<label>SALIR</label>
			<label2>Ítem Personalizado</label2>
			<icon>DefaultShortcut.png</icon>
			<thumb />
			<property name="labelID">salir</property>
			<property name="defaultID">13005</property>
			<property name="translatedPath">ShutDown</property>
			<property name="widgetLayout">Square</property>
			<visible>System.ShowExitButton</visible>
			<onclick>Quit</onclick>
			<property name="path">Quit</property>
			<property name="list">Quit</property>
			<visible>String.IsEqual(System.ProfileName,Master user)</visible>
			<property name="submenuVisibility">salir</property>
			<property name="group">mainmenu</property>
			<property name="hasSubmenu">False</property>
		</item>
		<item id="18">
			<property name="id">$NUMBER[18]</property>
			<label>SALIR</label>
			<label2>Comando de Kodi</label2>
			<icon>DefaultShortcut.png</icon>
			<thumb />
			<property name="labelID">salir--0</property>
			<property name="defaultID">13009</property>
			<property name="translatedPath">Quit</property>
			<property name="widgetLayout">Square</property>
			<visible>System.ShowExitButton</visible>
			<onclick>Quit</onclick>
			<property name="path">Quit</property>
			<property name="list">Quit</property>
			<visible>String.IsEqual(System.ProfileName,Master user)</visible>
			<property name="submenuVisibility">salir-0</property>
			<property name="group">mainmenu</property>
			<property name="hasSubmenu">False</property>
		</item>
	</include>
	<include />
	<include name="skinshortcuts-submenu">
		<item id="1">
			<property name="id">$NUMBER[1]</property>
			<property name="mainmenuid">1</property>
			<label>$LOCALIZE[31328]</label>
			<label2>$ADDON[script.skinshortcuts 32014]</label2>
			<icon>DefaultRecentlyAddedMovies.png</icon>
			<thumb />
			<property name="labelID">31328</property>
			<property name="defaultID">31328</property>
			<onclick>ActivateWindow(Videos,videodb://recentlyaddedmovies/,return)</onclick>
			<property name="path">ActivateWindow(Videos,videodb://recentlyaddedmovies/,return)</property>
			<property name="list">videodb://recentlyaddedmovies/</property>
			<visible>[String.IsEqual(System.ProfileName,Master user)] + String.IsEqual(Container(9000).ListItem.Property(submenuVisibility),movies)</visible>
			<property name="group">movies</property>
			<property name="isSubmenu">True</property>
		</item>
		<item id="2">
			<property name="id">$NUMBER[2]</property>
			<property name="mainmenuid">1</property>
			<label>$LOCALIZE[20434]</label>
			<label2>$LOCALIZE[342]</label2>
			<icon>DefaultSets.png</icon>
			<thumb />
			<property name="labelID">20434</property>
			<property name="defaultID">20434</property>
			<visible>[Library.HasContent(MovieSets)] + String.IsEqual(Container(9000).ListItem.Property(submenuVisibility),movies)</visible>
			<onclick>ActivateWindow(Videos,videodb://movies/sets/,return)</onclick>
			<property name="path">ActivateWindow(Videos,videodb://movies/sets/,return)</property>
			<property name="list">videodb://movies/sets/</property>
			<visible>String.IsEqual(System.ProfileName,Master user)</visible>
			<property name="group">movies</property>
			<property name="isSubmenu">True</property>
		</item>
		<item id="3">
			<property name="id">$NUMBER[3]</property>
			<property name="mainmenuid">1</property>
			<label>$LOCALIZE[369]</label>
			<label2>$LOCALIZE[342]</label2>
			<icon>DefaultMovieTitle.png</icon>
			<thumb />
			<property name="labelID">369</property>
			<property name="defaultID">369</property>
			<visible>[Library.HasContent(Movies)] + String.IsEqual(Container(9000).ListItem.Property(submenuVisibility),movies)</visible>
			<onclick>ActivateWindow(Videos,videodb://movies/titles/,return)</onclick>
			<property name="path">ActivateWindow(Videos,videodb://movies/titles/,return)</property>
			<property name="list">videodb://movies/titles/</property>
			<visible>String.IsEqual(System.ProfileName,Master user)</visible>
			<property name="group">movies</property>
			<property name="isSubmenu">True</property>
		</item>
		<item id="4">
			<property name="id">$NUMBER[4]</property>
			<property name="mainmenuid">1</property>
			<label>$LOCALIZE[135]</label>
			<label2>$LOCALIZE[342]</label2>
			<icon>DefaultGenre.png</icon>
			<thumb />
			<property name="labelID">135</property>
			<property name="defaultID">135</property>
			<visible>[Library.HasContent(Movies)] + String.IsEqual(Container(9000).ListItem.Property(submenuVisibility),movies)</visible>
			<onclick>ActivateWindow(Videos,videodb://movies/genres/,return)</onclick>
			<property name="path">ActivateWindow(Videos,videodb://movies/genres/,return)</property>
			<property name="list">videodb://movies/genres/</property>
			<visible>String.IsEqual(System.ProfileName,Master user)</visible>
			<property name="group">movies</property>
			<property name="isSubmenu">True</property>
		</item>
		<item id="5">
			<property name="id">$NUMBER[5]</property>
			<property name="mainmenuid">1</property>
			<label>$LOCALIZE[652]</label>
			<label2>$LOCALIZE[342]</label2>
			<icon>DefaultYear.png</icon>
			<thumb />
			<property name="labelID">652</property>
			<property name="defaultID">652</property>
			<visible>[Library.HasContent(Movies)] + String.IsEqual(Container(9000).ListItem.Property(submenuVisibility),movies)</visible>
			<onclick>ActivateWindow(Videos,videodb://movies/years/,return)</onclick>
			<property name="path">ActivateWindow(Videos,videodb://movies/years/,return)</property>
			<property name="list">videodb://movies/years/</property>
			<visible>String.IsEqual(System.ProfileName,Master user)</visible>
			<property name="group">movies</property>
			<property name="isSubmenu">True</property>
		</item>
		<item id="6">
			<property name="id">$NUMBER[6]</property>
			<property name="mainmenuid">1</property>
			<label>$LOCALIZE[344]</label>
			<label2>$LOCALIZE[342]</label2>
			<icon>DefaultActor.png</icon>
			<thumb />
			<property name="labelID">344</property>
			<property name="defaultID">344</property>
			<visible>[Library.HasContent(Movies)] + String.IsEqual(Container(9000).ListItem.Property(submenuVisibility),movies)</visible>
			<onclick>ActivateWindow(Videos,videodb://movies/actors/,return)</onclick>
			<property name="path">ActivateWindow(Videos,videodb://movies/actors/,return)</property>
			<property name="list">videodb://movies/actors/</property>
			<visible>String.IsEqual(System.ProfileName,Master user)</visible>
			<property name="group">movies</property>
			<property name="isSubmenu">True</property>
		</item>
		<item id="1">
			<property name="id">$NUMBER[1]</property>
			<property name="mainmenuid">2</property>
			<label>$LOCALIZE[31328]</label>
			<label2>$ADDON[script.skinshortcuts 32014]</label2>
			<icon>DefaultRecentlyAddedEpisodes.png</icon>
			<thumb />
			<property name="labelID">31328</property>
			<property name="defaultID">31328</property>
			<onclick>ActivateWindow(Videos,videodb://recentlyaddedepisodes/,return)</onclick>
			<property name="path">ActivateWindow(Videos,videodb://recentlyaddedepisodes/,return)</property>
			<property name="list">videodb://recentlyaddedepisodes/</property>
			<visible>[String.IsEqual(System.ProfileName,Master user)] + String.IsEqual(Container(9000).ListItem.Property(submenuVisibility),tvshows)</visible>
			<property name="group">tvshows</property>
			<property name="isSubmenu">True</property>
		</item>
		<item id="2">
			<property name="id">$NUMBER[2]</property>
			<property name="mainmenuid">2</property>
			<label>$LOCALIZE[369]</label>
			<label2>$LOCALIZE[20343]</label2>
			<icon>DefaultTVShowTitle.png</icon>
			<thumb />
			<property name="labelID">369</property>
			<property name="defaultID">369</property>
			<visible>[Library.HasContent(TVShows)] + String.IsEqual(Container(9000).ListItem.Property(submenuVisibility),tvshows)</visible>
			<onclick>ActivateWindow(Videos,videodb://tvshows/titles/,return)</onclick>
			<property name="path">ActivateWindow(Videos,videodb://tvshows/titles/,return)</property>
			<property name="list">videodb://tvshows/titles/</property>
			<visible>String.IsEqual(System.ProfileName,Master user)</visible>
			<property name="group">tvshows</property>
			<property name="isSubmenu">True</property>
		</item>
		<item id="3">
			<property name="id">$NUMBER[3]</property>
			<property name="mainmenuid">2</property>
			<label>$LOCALIZE[135]</label>
			<label2>$LOCALIZE[20343]</label2>
			<icon>DefaultGenre.png</icon>
			<thumb />
			<property name="labelID">135</property>
			<property name="defaultID">135</property>
			<visible>[Library.HasContent(TVShows)] + String.IsEqual(Container(9000).ListItem.Property(submenuVisibility),tvshows)</visible>
			<onclick>ActivateWindow(Videos,videodb://tvshows/genres/,return)</onclick>
			<property name="path">ActivateWindow(Videos,videodb://tvshows/genres/,return)</property>
			<property name="list">videodb://tvshows/genres/</property>
			<visible>String.IsEqual(System.ProfileName,Master user)</visible>
			<property name="group">tvshows</property>
			<property name="isSubmenu">True</property>
		</item>
		<item id="4">
			<property name="id">$NUMBER[4]</property>
			<property name="mainmenuid">2</property>
			<label>$LOCALIZE[652]</label>
			<label2>$LOCALIZE[20343]</label2>
			<icon>DefaultYear.png</icon>
			<thumb />
			<property name="labelID">652</property>
			<property name="defaultID">652</property>
			<visible>[Library.HasContent(TVShows)] + String.IsEqual(Container(9000).ListItem.Property(submenuVisibility),tvshows)</visible>
			<onclick>ActivateWindow(Videos,videodb://tvshows/years/,return)</onclick>
			<property name="path">ActivateWindow(Videos,videodb://tvshows/years/,return)</property>
			<property name="list">videodb://tvshows/years/</property>
			<visible>String.IsEqual(System.ProfileName,Master user)</visible>
			<property name="group">tvshows</property>
			<property name="isSubmenu">True</property>
		</item>
		<item id="5">
			<property name="id">$NUMBER[5]</property>
			<property name="mainmenuid">2</property>
			<label>$LOCALIZE[344]</label>
			<label2>$LOCALIZE[20343]</label2>
			<icon>DefaultActor.png</icon>
			<thumb />
			<property name="labelID">344</property>
			<property name="defaultID">344</property>
			<visible>[Library.HasContent(TVShows)] + String.IsEqual(Container(9000).ListItem.Property(submenuVisibility),tvshows)</visible>
			<onclick>ActivateWindow(Videos,videodb://tvshows/actors/,return)</onclick>
			<property name="path">ActivateWindow(Videos,videodb://tvshows/actors/,return)</property>
			<property name="list">videodb://tvshows/actors/</property>
			<visible>String.IsEqual(System.ProfileName,Master user)</visible>
			<property name="group">tvshows</property>
			<property name="isSubmenu">True</property>
		</item>
	</include>
	<include name="skinshortcuts-template-submenu">
		<include condition="String.IsEqual(System.ProfileName,Master user)">skinshortcuts-template-submenu-Master user</include>
	</include>
	<include name="skinshortcuts-template-submenu-Master user">
		<control id="9901" type="fixedlist">
			<visible>!Skin.HasSetting(Touchmode)</visible>
			<animation condition="!Control.HasFocus(9901)" effect="fade" end="0" start="100" time="100">Conditional</animation>
			<visible>String.IsEqual(Container(9000).ListItem.Property(submenuVisibility),movies)</visible>
			<left>60</left>
			<top>10</top>
			<width>1800</width>
			<height>92</height>
			<onup>9000</onup>
			<ondown>20</ondown>
			<itemgap>0</itemgap>
			<focusposition>0</focusposition>
			<movement>4</movement>
			<orientation>Horizontal</orientation>
			<itemlayout height="92" width="360">
				<control type="label">
					<left>10</left>
					<top>0</top>
					<width>340</width>
					<height>92</height>
					<align>center</align>
					<aligny>center</aligny>
					<font>menu.title</font>
					<textcolor>white</textcolor>
					<info>ListItem.Label</info>
				</control>
			</itemlayout>
			<focusedlayout height="90" width="360">
				<control type="image">
					<left>0</left>
					<top>0</top>
					<width>361</width>
					<height>92</height>
					<texture colordiffuse="$INFO[Skin.String(color.500)]">backgrounds/white.png</texture>
					<visible>Control.HasFocus(9901)</visible>
				</control>
				<control type="label">
					<left>10</left>
					<top>0</top>
					<width>340</width>
					<height>92</height>
					<align>center</align>
					<aligny>center</aligny>
					<font>menu.title</font>
					<textcolor>white</textcolor>
					<shadowcolor>black</shadowcolor>
					<info>ListItem.Label</info>
					<visible>Control.HasFocus(9901)</visible>
				</control>
				<control type="label">
					<left>10</left>
					<top>0</top>
					<width>340</width>
					<height>92</height>
					<align>center</align>
					<aligny>center</aligny>
					<font>menu.title</font>
					<textcolor>white</textcolor>
					<info>ListItem.Label</info>
					<visible>!Control.HasFocus(9901)</visible>
				</control>
			</focusedlayout>
			<content>
				<item id="1">
					<property name="id">$NUMBER[1]</property>
					<property name="mainmenuid">1</property>
					<label>$LOCALIZE[31328]</label>
					<label2>$ADDON[script.skinshortcuts 32014]</label2>
					<icon>DefaultRecentlyAddedMovies.png</icon>
					<thumb />
					<property name="labelID">31328</property>
					<property name="defaultID">31328</property>
					<onclick>ActivateWindow(Videos,videodb://recentlyaddedmovies/,return)</onclick>
					<property name="path">ActivateWindow(Videos,videodb://recentlyaddedmovies/,return)</property>
					<property name="list">videodb://recentlyaddedmovies/</property>
					<property name="group">movies</property>
					<property name="isSubmenu">True</property>
				</item>
				<item id="2">
					<property name="id">$NUMBER[2]</property>
					<property name="mainmenuid">1</property>
					<label>$LOCALIZE[20434]</label>
					<label2>$LOCALIZE[342]</label2>
					<icon>DefaultSets.png</icon>
					<thumb />
					<property name="labelID">20434</property>
					<property name="defaultID">20434</property>
					<visible>Library.HasContent(MovieSets)</visible>
					<onclick>ActivateWindow(Videos,videodb://movies/sets/,return)</onclick>
					<property name="path">ActivateWindow(Videos,videodb://movies/sets/,return)</property>
					<property name="list">videodb://movies/sets/</property>
					<property name="group">movies</property>
					<property name="isSubmenu">True</property>
				</item>
				<item id="3">
					<property name="id">$NUMBER[3]</property>
					<property name="mainmenuid">1</property>
					<label>$LOCALIZE[369]</label>
					<label2>$LOCALIZE[342]</label2>
					<icon>DefaultMovieTitle.png</icon>
					<thumb />
					<property name="labelID">369</property>
					<property name="defaultID">369</property>
					<visible>Library.HasContent(Movies)</visible>
					<onclick>ActivateWindow(Videos,videodb://movies/titles/,return)</onclick>
					<property name="path">ActivateWindow(Videos,videodb://movies/titles/,return)</property>
					<property name="list">videodb://movies/titles/</property>
					<property name="group">movies</property>
					<property name="isSubmenu">True</property>
				</item>
				<item id="4">
					<property name="id">$NUMBER[4]</property>
					<property name="mainmenuid">1</property>
					<label>$LOCALIZE[135]</label>
					<label2>$LOCALIZE[342]</label2>
					<icon>DefaultGenre.png</icon>
					<thumb />
					<property name="labelID">135</property>
					<property name="defaultID">135</property>
					<visible>Library.HasContent(Movies)</visible>
					<onclick>ActivateWindow(Videos,videodb://movies/genres/,return)</onclick>
					<property name="path">ActivateWindow(Videos,videodb://movies/genres/,return)</property>
					<property name="list">videodb://movies/genres/</property>
					<property name="group">movies</property>
					<property name="isSubmenu">True</property>
				</item>
				<item id="5">
					<property name="id">$NUMBER[5]</property>
					<property name="mainmenuid">1</property>
					<label>$LOCALIZE[652]</label>
					<label2>$LOCALIZE[342]</label2>
					<icon>DefaultYear.png</icon>
					<thumb />
					<property name="labelID">652</property>
					<property name="defaultID">652</property>
					<visible>Library.HasContent(Movies)</visible>
					<onclick>ActivateWindow(Videos,videodb://movies/years/,return)</onclick>
					<property name="path">ActivateWindow(Videos,videodb://movies/years/,return)</property>
					<property name="list">videodb://movies/years/</property>
					<property name="group">movies</property>
					<property name="isSubmenu">True</property>
				</item>
				<item id="6">
					<property name="id">$NUMBER[6]</property>
					<property name="mainmenuid">1</property>
					<label>$LOCALIZE[344]</label>
					<label2>$LOCALIZE[342]</label2>
					<icon>DefaultActor.png</icon>
					<thumb />
					<property name="labelID">344</property>
					<property name="defaultID">344</property>
					<visible>Library.HasContent(Movies)</visible>
					<onclick>ActivateWindow(Videos,videodb://movies/actors/,return)</onclick>
					<property name="path">ActivateWindow(Videos,videodb://movies/actors/,return)</property>
					<property name="list">videodb://movies/actors/</property>
					<property name="group">movies</property>
					<property name="isSubmenu">True</property>
				</item>
			</content>
		</control>
		<control id="9901" type="fixedlist">
			<visible>Skin.HasSetting(Touchmode)</visible>
			<visible>String.IsEqual(Container(9000).ListItem.Property(submenuVisibility),movies)</visible>
			<left>60</left>
			<top>43</top>
			<width>1800</width>
			<height>60</height>
			<onup>9000</onup>
			<ondown>20</ondown>
			<itemgap>0</itemgap>
			<focusposition>0</focusposition>
			<movement>4</movement>
			<orientation>Horizontal</orientation>
			<itemlayout height="60" width="360">
				<control type="label">
					<left>10</left>
					<top>0</top>
					<width>340</width>
					<height>60</height>
					<align>center</align>
					<aligny>center</aligny>
					<font>menu.title</font>
					<textcolor>white</textcolor>
					<info>ListItem.Label</info>
				</control>
			</itemlayout>
			<focusedlayout height="90" width="360">
				<control type="image">
					<left>0</left>
					<top>0</top>
					<width>361</width>
					<height>60</height>
					<texture colordiffuse="$INFO[Skin.String(color.500)]">backgrounds/white.png</texture>
					<visible>Control.HasFocus(9901)</visible>
				</control>
				<control type="label">
					<left>10</left>
					<top>0</top>
					<width>340</width>
					<height>60</height>
					<align>center</align>
					<aligny>center</aligny>
					<font>menu.title</font>
					<textcolor>white</textcolor>
					<shadowcolor>black</shadowcolor>
					<info>ListItem.Label</info>
					<visible>Control.HasFocus(9901)</visible>
				</control>
				<control type="label">
					<left>10</left>
					<top>0</top>
					<width>340</width>
					<height>60</height>
					<align>center</align>
					<aligny>center</aligny>
					<font>menu.title</font>
					<textcolor>white</textcolor>
					<info>ListItem.Label</info>
					<visible>!Control.HasFocus(9901)</visible>
				</control>
			</focusedlayout>
			<content>
				<item id="1">
					<property name="id">$NUMBER[1]</property>
					<property name="mainmenuid">1</property>
					<label>$LOCALIZE[31328]</label>
					<label2>$ADDON[script.skinshortcuts 32014]</label2>
					<icon>DefaultRecentlyAddedMovies.png</icon>
					<thumb />
					<property name="labelID">31328</property>
					<property name="defaultID">31328</property>
					<onclick>ActivateWindow(Videos,videodb://recentlyaddedmovies/,return)</onclick>
					<property name="path">ActivateWindow(Videos,videodb://recentlyaddedmovies/,return)</property>
					<property name="list">videodb://recentlyaddedmovies/</property>
					<property name="group">movies</property>
					<property name="isSubmenu">True</property>
				</item>
				<item id="2">
					<property name="id">$NUMBER[2]</property>
					<property name="mainmenuid">1</property>
					<label>$LOCALIZE[20434]</label>
					<label2>$LOCALIZE[342]</label2>
					<icon>DefaultSets.png</icon>
					<thumb />
					<property name="labelID">20434</property>
					<property name="defaultID">20434</property>
					<visible>Library.HasContent(MovieSets)</visible>
					<onclick>ActivateWindow(Videos,videodb://movies/sets/,return)</onclick>
					<property name="path">ActivateWindow(Videos,videodb://movies/sets/,return)</property>
					<property name="list">videodb://movies/sets/</property>
					<property name="group">movies</property>
					<property name="isSubmenu">True</property>
				</item>
				<item id="3">
					<property name="id">$NUMBER[3]</property>
					<property name="mainmenuid">1</property>
					<label>$LOCALIZE[369]</label>
					<label2>$LOCALIZE[342]</label2>
					<icon>DefaultMovieTitle.png</icon>
					<thumb />
					<property name="labelID">369</property>
					<property name="defaultID">369</property>
					<visible>Library.HasContent(Movies)</visible>
					<onclick>ActivateWindow(Videos,videodb://movies/titles/,return)</onclick>
					<property name="path">ActivateWindow(Videos,videodb://movies/titles/,return)</property>
					<property name="list">videodb://movies/titles/</property>
					<property name="group">movies</property>
					<property name="isSubmenu">True</property>
				</item>
				<item id="4">
					<property name="id">$NUMBER[4]</property>
					<property name="mainmenuid">1</property>
					<label>$LOCALIZE[135]</label>
					<label2>$LOCALIZE[342]</label2>
					<icon>DefaultGenre.png</icon>
					<thumb />
					<property name="labelID">135</property>
					<property name="defaultID">135</property>
					<visible>Library.HasContent(Movies)</visible>
					<onclick>ActivateWindow(Videos,videodb://movies/genres/,return)</onclick>
					<property name="path">ActivateWindow(Videos,videodb://movies/genres/,return)</property>
					<property name="list">videodb://movies/genres/</property>
					<property name="group">movies</property>
					<property name="isSubmenu">True</property>
				</item>
				<item id="5">
					<property name="id">$NUMBER[5]</property>
					<property name="mainmenuid">1</property>
					<label>$LOCALIZE[652]</label>
					<label2>$LOCALIZE[342]</label2>
					<icon>DefaultYear.png</icon>
					<thumb />
					<property name="labelID">652</property>
					<property name="defaultID">652</property>
					<visible>Library.HasContent(Movies)</visible>
					<onclick>ActivateWindow(Videos,videodb://movies/years/,return)</onclick>
					<property name="path">ActivateWindow(Videos,videodb://movies/years/,return)</property>
					<property name="list">videodb://movies/years/</property>
					<property name="group">movies</property>
					<property name="isSubmenu">True</property>
				</item>
				<item id="6">
					<property name="id">$NUMBER[6]</property>
					<property name="mainmenuid">1</property>
					<label>$LOCALIZE[344]</label>
					<label2>$LOCALIZE[342]</label2>
					<icon>DefaultActor.png</icon>
					<thumb />
					<property name="labelID">344</property>
					<property name="defaultID">344</property>
					<visible>Library.HasContent(Movies)</visible>
					<onclick>ActivateWindow(Videos,videodb://movies/actors/,return)</onclick>
					<property name="path">ActivateWindow(Videos,videodb://movies/actors/,return)</property>
					<property name="list">videodb://movies/actors/</property>
					<property name="group">movies</property>
					<property name="isSubmenu">True</property>
				</item>
			</content>
		</control>
		<control id="9901" type="fixedlist">
			<visible>!Skin.HasSetting(Touchmode)</visible>
			<animation condition="!Control.HasFocus(9901)" effect="fade" end="0" start="100" time="100">Conditional</animation>
			<visible>String.IsEqual(Container(9000).ListItem.Property(submenuVisibility),tvshows)</visible>
			<left>60</left>
			<top>10</top>
			<width>1800</width>
			<height>92</height>
			<onup>9000</onup>
			<ondown>20</ondown>
			<itemgap>0</itemgap>
			<focusposition>0</focusposition>
			<movement>4</movement>
			<orientation>Horizontal</orientation>
			<itemlayout height="92" width="360">
				<control type="label">
					<left>10</left>
					<top>0</top>
					<width>340</width>
					<height>92</height>
					<align>center</align>
					<aligny>center</aligny>
					<font>menu.title</font>
					<textcolor>white</textcolor>
					<info>ListItem.Label</info>
				</control>
			</itemlayout>
			<focusedlayout height="90" width="360">
				<control type="image">
					<left>0</left>
					<top>0</top>
					<width>361</width>
					<height>92</height>
					<texture colordiffuse="$INFO[Skin.String(color.500)]">backgrounds/white.png</texture>
					<visible>Control.HasFocus(9901)</visible>
				</control>
				<control type="label">
					<left>10</left>
					<top>0</top>
					<width>340</width>
					<height>92</height>
					<align>center</align>
					<aligny>center</aligny>
					<font>menu.title</font>
					<textcolor>white</textcolor>
					<shadowcolor>black</shadowcolor>
					<info>ListItem.Label</info>
					<visible>Control.HasFocus(9901)</visible>
				</control>
				<control type="label">
					<left>10</left>
					<top>0</top>
					<width>340</width>
					<height>92</height>
					<align>center</align>
					<aligny>center</aligny>
					<font>menu.title</font>
					<textcolor>white</textcolor>
					<info>ListItem.Label</info>
					<visible>!Control.HasFocus(9901)</visible>
				</control>
			</focusedlayout>
			<content>
				<item id="1">
					<property name="id">$NUMBER[1]</property>
					<property name="mainmenuid">2</property>
					<label>$LOCALIZE[31328]</label>
					<label2>$ADDON[script.skinshortcuts 32014]</label2>
					<icon>DefaultRecentlyAddedEpisodes.png</icon>
					<thumb />
					<property name="labelID">31328</property>
					<property name="defaultID">31328</property>
					<onclick>ActivateWindow(Videos,videodb://recentlyaddedepisodes/,return)</onclick>
					<property name="path">ActivateWindow(Videos,videodb://recentlyaddedepisodes/,return)</property>
					<property name="list">videodb://recentlyaddedepisodes/</property>
					<property name="group">tvshows</property>
					<property name="isSubmenu">True</property>
				</item>
				<item id="2">
					<property name="id">$NUMBER[2]</property>
					<property name="mainmenuid">2</property>
					<label>$LOCALIZE[369]</label>
					<label2>$LOCALIZE[20343]</label2>
					<icon>DefaultTVShowTitle.png</icon>
					<thumb />
					<property name="labelID">369</property>
					<property name="defaultID">369</property>
					<visible>Library.HasContent(TVShows)</visible>
					<onclick>ActivateWindow(Videos,videodb://tvshows/titles/,return)</onclick>
					<property name="path">ActivateWindow(Videos,videodb://tvshows/titles/,return)</property>
					<property name="list">videodb://tvshows/titles/</property>
					<property name="group">tvshows</property>
					<property name="isSubmenu">True</property>
				</item>
				<item id="3">
					<property name="id">$NUMBER[3]</property>
					<property name="mainmenuid">2</property>
					<label>$LOCALIZE[135]</label>
					<label2>$LOCALIZE[20343]</label2>
					<icon>DefaultGenre.png</icon>
					<thumb />
					<property name="labelID">135</property>
					<property name="defaultID">135</property>
					<visible>Library.HasContent(TVShows)</visible>
					<onclick>ActivateWindow(Videos,videodb://tvshows/genres/,return)</onclick>
					<property name="path">ActivateWindow(Videos,videodb://tvshows/genres/,return)</property>
					<property name="list">videodb://tvshows/genres/</property>
					<property name="group">tvshows</property>
					<property name="isSubmenu">True</property>
				</item>
				<item id="4">
					<property name="id">$NUMBER[4]</property>
					<property name="mainmenuid">2</property>
					<label>$LOCALIZE[652]</label>
					<label2>$LOCALIZE[20343]</label2>
					<icon>DefaultYear.png</icon>
					<thumb />
					<property name="labelID">652</property>
					<property name="defaultID">652</property>
					<visible>Library.HasContent(TVShows)</visible>
					<onclick>ActivateWindow(Videos,videodb://tvshows/years/,return)</onclick>
					<property name="path">ActivateWindow(Videos,videodb://tvshows/years/,return)</property>
					<property name="list">videodb://tvshows/years/</property>
					<property name="group">tvshows</property>
					<property name="isSubmenu">True</property>
				</item>
				<item id="5">
					<property name="id">$NUMBER[5]</property>
					<property name="mainmenuid">2</property>
					<label>$LOCALIZE[344]</label>
					<label2>$LOCALIZE[20343]</label2>
					<icon>DefaultActor.png</icon>
					<thumb />
					<property name="labelID">344</property>
					<property name="defaultID">344</property>
					<visible>Library.HasContent(TVShows)</visible>
					<onclick>ActivateWindow(Videos,videodb://tvshows/actors/,return)</onclick>
					<property name="path">ActivateWindow(Videos,videodb://tvshows/actors/,return)</property>
					<property name="list">videodb://tvshows/actors/</property>
					<property name="group">tvshows</property>
					<property name="isSubmenu">True</property>
				</item>
			</content>
		</control>
		<control id="9901" type="fixedlist">
			<visible>Skin.HasSetting(Touchmode)</visible>
			<visible>String.IsEqual(Container(9000).ListItem.Property(submenuVisibility),tvshows)</visible>
			<left>60</left>
			<top>43</top>
			<width>1800</width>
			<height>60</height>
			<onup>9000</onup>
			<ondown>20</ondown>
			<itemgap>0</itemgap>
			<focusposition>0</focusposition>
			<movement>4</movement>
			<orientation>Horizontal</orientation>
			<itemlayout height="60" width="360">
				<control type="label">
					<left>10</left>
					<top>0</top>
					<width>340</width>
					<height>60</height>
					<align>center</align>
					<aligny>center</aligny>
					<font>menu.title</font>
					<textcolor>white</textcolor>
					<info>ListItem.Label</info>
				</control>
			</itemlayout>
			<focusedlayout height="90" width="360">
				<control type="image">
					<left>0</left>
					<top>0</top>
					<width>361</width>
					<height>60</height>
					<texture colordiffuse="$INFO[Skin.String(color.500)]">backgrounds/white.png</texture>
					<visible>Control.HasFocus(9901)</visible>
				</control>
				<control type="label">
					<left>10</left>
					<top>0</top>
					<width>340</width>
					<height>60</height>
					<align>center</align>
					<aligny>center</aligny>
					<font>menu.title</font>
					<textcolor>white</textcolor>
					<shadowcolor>black</shadowcolor>
					<info>ListItem.Label</info>
					<visible>Control.HasFocus(9901)</visible>
				</control>
				<control type="label">
					<left>10</left>
					<top>0</top>
					<width>340</width>
					<height>60</height>
					<align>center</align>
					<aligny>center</aligny>
					<font>menu.title</font>
					<textcolor>white</textcolor>
					<info>ListItem.Label</info>
					<visible>!Control.HasFocus(9901)</visible>
				</control>
			</focusedlayout>
			<content>
				<item id="1">
					<property name="id">$NUMBER[1]</property>
					<property name="mainmenuid">2</property>
					<label>$LOCALIZE[31328]</label>
					<label2>$ADDON[script.skinshortcuts 32014]</label2>
					<icon>DefaultRecentlyAddedEpisodes.png</icon>
					<thumb />
					<property name="labelID">31328</property>
					<property name="defaultID">31328</property>
					<onclick>ActivateWindow(Videos,videodb://recentlyaddedepisodes/,return)</onclick>
					<property name="path">ActivateWindow(Videos,videodb://recentlyaddedepisodes/,return)</property>
					<property name="list">videodb://recentlyaddedepisodes/</property>
					<property name="group">tvshows</property>
					<property name="isSubmenu">True</property>
				</item>
				<item id="2">
					<property name="id">$NUMBER[2]</property>
					<property name="mainmenuid">2</property>
					<label>$LOCALIZE[369]</label>
					<label2>$LOCALIZE[20343]</label2>
					<icon>DefaultTVShowTitle.png</icon>
					<thumb />
					<property name="labelID">369</property>
					<property name="defaultID">369</property>
					<visible>Library.HasContent(TVShows)</visible>
					<onclick>ActivateWindow(Videos,videodb://tvshows/titles/,return)</onclick>
					<property name="path">ActivateWindow(Videos,videodb://tvshows/titles/,return)</property>
					<property name="list">videodb://tvshows/titles/</property>
					<property name="group">tvshows</property>
					<property name="isSubmenu">True</property>
				</item>
				<item id="3">
					<property name="id">$NUMBER[3]</property>
					<property name="mainmenuid">2</property>
					<label>$LOCALIZE[135]</label>
					<label2>$LOCALIZE[20343]</label2>
					<icon>DefaultGenre.png</icon>
					<thumb />
					<property name="labelID">135</property>
					<property name="defaultID">135</property>
					<visible>Library.HasContent(TVShows)</visible>
					<onclick>ActivateWindow(Videos,videodb://tvshows/genres/,return)</onclick>
					<property name="path">ActivateWindow(Videos,videodb://tvshows/genres/,return)</property>
					<property name="list">videodb://tvshows/genres/</property>
					<property name="group">tvshows</property>
					<property name="isSubmenu">True</property>
				</item>
				<item id="4">
					<property name="id">$NUMBER[4]</property>
					<property name="mainmenuid">2</property>
					<label>$LOCALIZE[652]</label>
					<label2>$LOCALIZE[20343]</label2>
					<icon>DefaultYear.png</icon>
					<thumb />
					<property name="labelID">652</property>
					<property name="defaultID">652</property>
					<visible>Library.HasContent(TVShows)</visible>
					<onclick>ActivateWindow(Videos,videodb://tvshows/years/,return)</onclick>
					<property name="path">ActivateWindow(Videos,videodb://tvshows/years/,return)</property>
					<property name="list">videodb://tvshows/years/</property>
					<property name="group">tvshows</property>
					<property name="isSubmenu">True</property>
				</item>
				<item id="5">
					<property name="id">$NUMBER[5]</property>
					<property name="mainmenuid">2</property>
					<label>$LOCALIZE[344]</label>
					<label2>$LOCALIZE[20343]</label2>
					<icon>DefaultActor.png</icon>
					<thumb />
					<property name="labelID">344</property>
					<property name="defaultID">344</property>
					<visible>Library.HasContent(TVShows)</visible>
					<onclick>ActivateWindow(Videos,videodb://tvshows/actors/,return)</onclick>
					<property name="path">ActivateWindow(Videos,videodb://tvshows/actors/,return)</property>
					<property name="list">videodb://tvshows/actors/</property>
					<property name="group">tvshows</property>
					<property name="isSubmenu">True</property>
				</item>
			</content>
		</control>
	</include>
</includes>
