<?xml version="1.0" encoding="UTF-8"?>
<window>
	<defaultcontrol always="true">22</defaultcontrol>
	<controls>
	
		<include>CommonBackground</include>
		
		<control type="group">
			<visible>!Skin.HasSetting(Weatherinfo) + !String.IsEmpty(Weather.Plugin)</visible>
			<control type="image">
				<left>60</left>
				<top>60</top>
				<width>360</width>
				<height>60</height>
				<texture colordiffuse="black">backgrounds/bg_fade.png</texture>
			</control>
			<control type="image">
				<left>70</left>
				<top>60</top>
				<width>60</width>
				<height>60</height>
				<aspectratio>keep</aspectratio>
				<texture>$INFO[Weather.ConditionsIcon]</texture>
			</control>
			<control type="label">
				<left>140</left>
				<top>60</top>
				<width>100</width>
				<height>60</height>
				<align>left</align>
				<aligny>center</aligny>
				<font>menu.title</font>
				<textcolor>$INFO[Skin.String(color.500)]</textcolor>
				<label>[B]$INFO[Window(Weather).Property(Current.Temperature)][/B] $INFO[System.TemperatureUnits]</label>
			</control>
			<control type="label">
				<left>210</left>
				<top>60</top>
				<width>200</width>
				<height>60</height>
				<align>left</align>
				<aligny>center</aligny>
				<font>breadcrumb.secondary</font>
				<textcolor>white</textcolor>
				<label>$INFO[Window(Weather).Property(Current.Condition),]</label>
				<scroll>true</scroll>
			</control>
		</control>
		
		<control type="group">
		<visible>!Skin.HasSetting(Clock)</visible>
			<control type="image">
				<right>60</right>
				<top>60</top>
				<width>360</width>
				<height>60</height>
				<texture colordiffuse="black">backgrounds/bg_fade.png</texture>
			</control>
			<control type="label">
				<right>130</right>
				<top>60</top>
				<width>200</width>
				<height>60</height>
				<align>right</align>
				<aligny>center</aligny>
				<font>menu.title</font>
				<textcolor>$INFO[Skin.String(color.500)]</textcolor>
				<label>$INFO[System.Time(hh:mm)]</label>
			</control>
			<control type="label">
				<right>60</right>
				<top>60</top>
				<width>70</width>
				<height>60</height>
				<align>left</align>
				<aligny>center</aligny>
				<font>menu.title</font>
				<textcolor>$INFO[Skin.String(color.500)]</textcolor>
				<label>:$INFO[System.Time(ss)]</label>
			</control>
			<control type="label">
				<right>260</right>
				<top>60</top>
				<width>300</width>
				<height>60</height>
				<align>right</align>
				<aligny>center</aligny>
				<font>breadcrumb.secondary</font>
				<textcolor>white</textcolor>
				<label>$INFO[System.Date(dd:mm:yyyy]</label>
			</control>
		</control>
			
		<control type="group">
			<visible>!Skin.HasSetting(Playerinfo)</visible>
			<control type="group">
				<visible>VideoPlayer.Content(Movies)</visible>
				<control type="image">
					<left>60</left>
					<top>220r</top>
					<width>805</width>
					<height>92</height>
					<texture colordiffuse="black">backgrounds/bg_fade.png</texture>
				</control>
				<control type="image">
					<left>50</left>
					<top>210r</top>
					<width>70</width>
					<height>70</height>
					<texture>osd/play.png</texture>
				</control>
				<control type="label">
					<left>115</left>
					<width>505</width>
					<top>210r</top>
					<height>45</height>
					<align>left</align>
					<aligny>center</aligny>
					<font>breadcrumb</font>
					<textcolor>$INFO[Skin.String(color.500)]</textcolor>
					<shadowcolor>black</shadowcolor>
					<label>$INFO[Player.Title]</label>
					<scroll>true</scroll>
				</control>
				<control type="label">
					<left>115</left>
					<width>735</width>
					<top>175r</top>
					<height>38</height>
					<align>left</align>
					<aligny>center</aligny>
					<font>breadcrumb.secondary</font>
					<textcolor>white</textcolor>
					<label>$INFO[VideoPlayer.Studio]</label>
					<scroll>true</scroll>
				</control>
				<control type="label">
					<left>555</left>
					<width>300</width>
					<top>205r</top>
					<height>45</height>
					<align>right</align>
					<aligny>center</aligny>
					<font>breadcrumb.secondary</font>
					<textcolor>white</textcolor>
					<label>$INFO[Player.Time] / $INFO[Player.Duration,]</label>
				</control>
			</control>
			<control type="group">
				<visible>VideoPlayer.Content(Episodes)</visible>
				<control type="image">
					<left>60</left>
					<top>220r</top>
					<width>805</width>
					<height>92</height>
					<texture colordiffuse="black">backgrounds/bg_fade.png</texture>
				</control>
				<control type="image">
					<left>50</left>
					<top>210r</top>
					<width>70</width>
					<height>70</height>
					<texture>osd/play.png</texture>
				</control>
				<control type="label">
					<left>115</left>
					<width>505</width>
					<top>210r</top>
					<height>45</height>
					<align>left</align>
					<aligny>center</aligny>
					<font>breadcrumb</font>
					<textcolor>$INFO[Skin.String(color.500)]</textcolor>
					<shadowcolor>black</shadowcolor>
					<label>$INFO[Player.Title]</label>
					<scroll>true</scroll>
				</control>
				<control type="label">
					<left>115</left>
					<width>735</width>
					<top>175r</top>
					<height>38</height>
					<align>left</align>
					<aligny>center</aligny>
					<font>breadcrumb.secondary</font>
					<textcolor>white</textcolor>
					<label>$INFO[VideoPlayer.TVShowTitle] ($INFO[VideoPlayer.Season,$LOCALIZE[20373] , - ]$INFO[VideoPlayer.episode,$LOCALIZE[20359] ,])</label>
					<scroll>true</scroll>
				</control>
				<control type="label">
					<left>555</left>
					<width>300</width>
					<top>205r</top>
					<height>45</height>
					<align>right</align>
					<aligny>center</aligny>
					<font>breadcrumb.secondary</font>
					<textcolor>white</textcolor>
					<label>$INFO[Player.Time] / $INFO[Player.Duration,]</label>
				</control>
			</control>
			<control type="group">
				<visible>Player.HasVideo</visible>
				<visible>!VideoPlayer.Content(Movies) + !VideoPlayer.Content(Episodes) + !VideoPlayer.Content(LiveTV)</visible>
				<control type="image">
					<left>60</left>
					<top>220r</top>
					<width>805</width>
					<height>92</height>
					<texture colordiffuse="black">backgrounds/bg_fade.png</texture>
				</control>
				<control type="image">
					<left>50</left>
					<top>210r</top>
					<width>70</width>
					<height>70</height>
					<texture>osd/play.png</texture>
				</control>
				<control type="label">
				<left>115</left>
					<width>505</width>
					<top>210r</top>
					<height>45</height>
					<align>left</align>
					<aligny>center</aligny>
					<font>breadcrumb</font>
					<textcolor>$INFO[Skin.String(color.500)]</textcolor>
					<shadowcolor>black</shadowcolor>
					<label>$INFO[Player.Title]</label>
				</control>
				<control type="label">
				<left>555</left>
					<width>300</width>
					<top>205r</top>
					<height>45</height>
					<align>right</align>
					<aligny>center</aligny>
					<font>breadcrumb.secondary</font>
					<textcolor>white</textcolor>
					<label>$INFO[Player.Time] / $INFO[Player.Duration,]</label>
				</control>
			</control>
			<control type="group">
				<visible>VideoPlayer.Content(LiveTV)</visible>
				<control type="image">
					<left>60</left>
					<top>220r</top>
					<width>805</width>
					<height>92</height>
					<texture colordiffuse="black">backgrounds/bg_fade.png</texture>
				</control>
				<control type="image">
					<left>50</left>
					<top>210r</top>
					<width>70</width>
					<height>70</height>
					<texture>osd/play.png</texture>
				</control>
				<control type="label">
					<left>115</left>
					<width>505</width>
					<top>210r</top>
					<height>45</height>
					<align>left</align>
					<aligny>center</aligny>
					<font>breadcrumb</font>
					<textcolor>$INFO[Skin.String(color.500)]</textcolor>
					<shadowcolor>black</shadowcolor>
					<label>$INFO[Player.Title]</label>
				</control>
				<control type="label">
					<left>115</left>
					<width>735</width>
					<top>175r</top>
					<height>38</height>
					<align>left</align>
					<aligny>center</aligny>
					<font>breadcrumb.secondary</font>
					<textcolor>white</textcolor>
					<label>$INFO[VideoPlayer.ChannelName]</label>
					<scroll>true</scroll>
				</control>
				<control type="label">
					<left>555</left>
					<width>300</width>
					<top>205r</top>
					<height>45</height>
					<align>right</align>
					<aligny>center</aligny>
					<font>breadcrumb.secondary</font>
					<textcolor>white</textcolor>
					<label>$INFO[Player.Time] / $INFO[Player.Duration,]</label>
				</control>
			</control>
			<control type="group">
				<visible>VideoPlayer.Content(Radio)</visible>
				<control type="image">
					<left>60</left>
					<top>220r</top>
					<width>805</width>
					<height>92</height>
					<texture colordiffuse="black">backgrounds/bg_fade.png</texture>
				</control>
				<control type="image">
					<left>50</left>
					<top>210r</top>
					<width>70</width>
					<height>70</height>
					<texture>osd/play.png</texture>
				</control>
				<control type="label">
					<left>115</left>
					<width>505</width>
					<top>210r</top>
					<height>45</height>
					<align>left</align>
					<aligny>center</aligny>
					<font>breadcrumb</font>
					<textcolor>$INFO[Skin.String(color.500)]</textcolor>
					<shadowcolor>black</shadowcolor>
					<label>$INFO[Player.Title]</label>
				</control>
				<control type="label">
					<left>115</left>
					<width>735</width>
					<top>175r</top>
					<height>38</height>
					<align>left</align>
					<aligny>center</aligny>
					<font>breadcrumb.secondary</font>
					<textcolor>white</textcolor>
					<label>$INFO[VideoPlayer.ChannelName]</label>
					<scroll>true</scroll>
				</control>
				<control type="label">
					<left>555</left>
					<width>300</width>
					<top>205r</top>
					<height>45</height>
					<align>right</align>
					<aligny>center</aligny>
					<font>breadcrumb.secondary</font>
					<textcolor>white</textcolor>
					<label>$INFO[Player.Time] / $INFO[Player.Duration,]</label>
				</control>
			</control>
			<control type="group">
				<visible>Player.HasAudio + !VideoPlayer.Content(Radio)</visible>
				<control type="image">
					<left>60</left>
					<top>220r</top>
					<width>805</width>
					<height>92</height>
					<texture colordiffuse="black">backgrounds/bg_fade.png</texture>
				</control>
				<control type="image">
					<left>50</left>
					<top>210r</top>
					<width>70</width>
					<height>70</height>
					<texture>osd/play.png</texture>
				</control>
				<control type="label">
					<left>115</left>
					<width>505</width>
					<top>210r</top>
					<height>45</height>
					<align>left</align>
					<aligny>center</aligny>
					<font>breadcrumb</font>
					<textcolor>$INFO[Skin.String(color.500)]</textcolor>
					<shadowcolor>black</shadowcolor>
					<label>$INFO[Player.Title] </label>
				</control>
				<control type="label">
					<left>115</left>
					<width>735</width>
					<top>175r</top>
					<height>38</height>
					<align>left</align>
					<aligny>center</aligny>
					<font>breadcrumb.secondary</font>
					<textcolor>white</textcolor>
					<label>$INFO[MusicPlayer.Artist] - $INFO[MusicPlayer.Album]$INFO[musicplayer.discnumber, - $LOCALIZE[427]: ]</label>
				</control>
				<control type="label">
					<left>555</left>
					<width>300</width>
					<top>205r</top>
					<height>45</height>
					<align>right</align>
					<aligny>center</aligny>
					<font>breadcrumb.secondary</font>
					<textcolor>white</textcolor>
					<shadowcolor>button.nf</shadowcolor>
					<label>$INFO[Player.Time] / $INFO[Player.Duration,]</label>
				</control>
			</control>
		</control>
		
		<control type="group">
			<visible>Skin.HasSetting(Touchmode)</visible>
			<control type="image">
				<left>60</left>
				<top>115r</top>
				<width>60</width>
				<height>60</height>
				<texture colordiffuse="black">backgrounds/bg_fade.png</texture>
			</control>
			<control type="button">
				<description>Back push button</description>
				<left>55</left>
				<top>120r</top>
				<width>70</width>
				<height>70</height>
				<label></label>
				<font/>
				<onclick>back</onclick>
				<texturefocus colordiffuse="$INFO[Skin.String(color.500)]">icons/back.png</texturefocus>
				<texturenofocus colordiffuse="white">icons/back.png</texturenofocus>
				<onleft></onleft>
				<onright></onright>
				<onup></onup>
				<ondown></ondown>
			</control>
			<control type="image">
				<right>60</right>
				<top>115r</top>
				<width>60</width>
				<height>60</height>
				<texture colordiffuse="black">backgrounds/bg_fade.png</texture>
			</control>
			<control type="button">
				<description>Home push button</description>
				<right>55</right>
				<top>120r</top>
				<width>70</width>
				<height>70</height>
				<label></label>
				<font/>
				<onclick>ActivateWindow(home)</onclick>
				<texturefocus colordiffuse="$INFO[Skin.String(color.500)]">icons/home.png</texturefocus>
				<texturenofocus colordiffuse="white">icons/home.png</texturenofocus>
				<onleft></onleft>
				<onright></onright>
				<onup></onup>
				<ondown></ondown>
			</control>
		</control>
		
		<!--all content-->
		<control type="group">
			<left>60</left>
			<centertop>50%</centertop>
			<width>1800</width>
			<height>783</height>
			<control type="image">
				<left>0</left>
				<top>0</top>
				<width>1800</width>
				<height>650</height>
				<texture colordiffuse="black">backgrounds/bg_fade.png</texture>
			</control>
			<control type="image">
				<left>0</left>
				<top>655</top>
				<width>1800</width>
				<height>115</height>
				<texture colordiffuse="black">backgrounds/bg_fade.png</texture>
			</control>
			<!--main content-->
			<control type="group">
				<!--title-->
				<control type="label" id="2">
					<left>0</left>
					<top>5</top>
					<width>1800</width>
					<height>60</height>
					<font>info.title</font>
					<align>center</align>
					<aligny>center</aligny>
					<textcolor>$INFO[Skin.String(color.500)]</textcolor>
					<label></label>
				</control>
				<control type="button" id="22">
					<description>Set Playlist type</description>
					<left>70</left>
					<top>90</top>
					<width>830</width>
					<height>60</height>
					<label>467</label>
					<texturenofocus border="5" colordiffuse="white">button-nofocus.png</texturenofocus>
					<onright>22</onright>
					<onleft>22</onleft>
					<onup>9001</onup>
					<ondown>12</ondown>
				</control>
				<control type="label">
					<description>Name Label</description>
					<left>70</left>
					<top>150</top>
					<width>830</width>
					<label>21433</label>
					<textcolor>$INFO[Skin.String(color.500)]</textcolor>
				</control>
				<control type="button" id="12">
					<description>Name Button</description>
					<left>70</left>
					<top>189</top>
					<width>830</width>
					<height>60</height>
					<textoffsetx>15</textoffsetx>
					<textwidth>1080</textwidth>
					<align>center</align>
					<texturenofocus border="5" colordiffuse="white">button-nofocus.png</texturenofocus>
					<label></label>
					<onup>22</onup>
					<onleft>12</onleft>
					<onright>12</onright>
					<ondown>10</ondown>
				</control>
				<control type="label">
					<description>rules label</description>
					<left>70</left>
					<top>285</top>
					<width>830</width>
					<align>left</align>
					<label>21434</label>
					<textcolor>$INFO[Skin.String(color.500)]</textcolor>
				</control>
				<control type="list" id="10">
					<description>Rules List Control</description>
					<left>70</left>
					<top>323</top>
					<width>550</width>
					<height>120</height>
					<onup>12</onup>
					<onleft>9000</onleft>
					<onright>9000</onright>
					<ondown>16</ondown>
					<itemlayout width="550" height="68">
						<control type="image">
							<left>0</left>
							<top>0</top>
							<width>550</width>
							<height>60</height>
							<texture border="5" colordiffuse="white">button-nofocus.png</texture>
						</control>
						<control type="label">
							<left>15</left>
							<top>0</top>
							<width>550</width>
							<height>60</height>
							<aligny>center</aligny>
							<info>ListItem.Label</info>
							<selectedcolor>selected</selectedcolor>
						</control>
					</itemlayout>
					<focusedlayout width="550" height="68">
						<control type="image">
							<left>0</left>
							<top>0</top>
							<width>550</width>
							<height>60</height>
							<texture colordiffuse="$INFO[Skin.String(color.500)]">backgrounds/white.png</texture>
							<visible>Control.HasFocus(10)</visible>
						</control>
						<control type="image">
							<left>0</left>
							<top>0</top>
							<width>550</width>
							<height>60</height>
							<texture border="5" colordiffuse="white">button-nofocus.png</texture>
							<visible>!Control.HasFocus(10)</visible>
						</control>
						<control type="label">
							<left>15</left>
							<top>0</top>
							<width>550</width>
							<height>60</height>
							<aligny>center</aligny>
							<info>ListItem.Label</info>
							<selectedcolor>$INFO[Skin.String(color.500)]</selectedcolor>
							<textcolor>white</textcolor>
							<visible>Control.HasFocus(10)</visible>
						</control>
						<control type="label">
							<left>15</left>
							<top>0</top>
							<width>550</width>
							<height>60</height>
							<aligny>center</aligny>
							<info>ListItem.Label</info>
							<selectedcolor>selected</selectedcolor>
							<visible>!Control.HasFocus(10)</visible>
						</control>
					</focusedlayout>
				</control>
				<control type="group" id="9000">
					<left>630</left>
					<top>323</top>
					<control type="button" id="13">
						<description>Add Rule Button</description>
						<left>0</left>
						<top>0</top>
						<width>270</width>
						<height>60</height>
						<label>15019</label>
						<align>center</align>
						<aligny>center</aligny>
						<texturenofocus border="5" colordiffuse="white">button-nofocus.png</texturenofocus>
						<onup>17</onup>
						<onleft>10</onleft>
						<onright>10</onright>
						<ondown>14</ondown>
					</control>
					<control type="button" id="14">
						<description>Remove Rule Button</description>
						<left>0</left>
						<top>68</top>
						<height>60</height>
						<width>270</width>
						<label>1210</label>
						<align>center</align>
						<aligny>center</aligny>
						<texturenofocus border="5" colordiffuse="white">button-nofocus.png</texturenofocus>
						<onup>13</onup>
						<onleft>10</onleft>
						<onright>10</onright>
						<ondown>15</ondown>
					</control>
					<control type="button" id="15">
						<description>Edit Rule Button</description>
						<left>0</left>
						<top>135</top>
						<height>60</height>
						<width>270</width>
						<label>21435</label>
						<align>center</align>
						<aligny>center</aligny>
						<texturenofocus border="5" colordiffuse="white">button-nofocus.png</texturenofocus>
						<onup>14</onup>
						<onleft>10</onleft>
						<onright>10</onright>
						<ondown>16</ondown>
					</control>
				</control>
				<control type="label">
					<description>Name Label</description>
					<left>910</left>
					<top>150</top>
					<width>820</width>
					<label>31325</label>
					<textcolor>$INFO[Skin.String(color.500)]</textcolor>
				</control>
				<control type="button" id="16">
					<left>910</left>
					<top>189</top>
					<width>820</width>
					<height>60</height>
					<label>21424</label>
					<texturenofocus border="5" colordiffuse="white">button-nofocus.png</texturenofocus>
					<onright>16</onright>
					<onleft>16</onleft>
					<onup>10</onup>
					<ondown>17</ondown>
				</control>
				<control type="button" id="17">
					<left>910</left>
					<top>256</top>
					<width>820</width>
					<height>60</height>
					<label>21427</label>
					<texturenofocus border="5" colordiffuse="white">button-nofocus.png</texturenofocus>
					<onright>17</onright>
					<onleft>17</onleft>
					<onup>16</onup>
					<ondown>18</ondown>
				</control>
				<control type="button" id="18">
					<left>910</left>
					<top>323</top>
					<width>820</width>
					<height>60</height>
					<label>21429</label>
					<texturenofocus border="5" colordiffuse="white">button-nofocus.png</texturenofocus>
					<onright>19</onright>
					<onleft>19</onleft>
					<onup>17</onup>
					<ondown>23</ondown>
				</control>
				<control type="button" id="19">
					<left>910</left>
					<top>390</top>
					<width>820</width>
					<height>60</height>
					<label></label>
					<texturenofocus border="5" colordiffuse="white">button-nofocus.png</texturenofocus>
					<onright>18</onright>
					<onleft>18</onleft>
					<onup>17</onup>
					<ondown>24</ondown>
				</control>
				<control type="button" id="23">
					<left>910</left>
					<top>458</top>
					<width>820</width>
					<height>60</height>
					<label>21458</label>
					<texturenofocus border="5" colordiffuse="white">button-nofocus.png</texturenofocus>
					<onright>24</onright>
					<onleft>24</onleft>
					<onup>18</onup>
					<ondown>9001</ondown>
				</control>
				<control type="radiobutton" id="24">
					<left>910</left>
					<top>527</top>
					<width>820</width>
					<height>60</height>
					<align>center</align>
					<aligny>center</aligny>
					<texturenofocus border="5" colordiffuse="white">button-nofocus.png</texturenofocus>
					<label>21459</label>
					<onright>23</onright>
					<onleft>23</onleft>
					<onup>19</onup>
					<ondown>9001</ondown>
				</control>
				<!--bottom buttons-->
				<control type="grouplist" id="9001">
					<centerleft>50%</centerleft>
					<top>100r</top>
					<width>750</width>
					<height>60</height>
					<align>justify</align>
					<orientation>horizontal</orientation>
					<onleft>9001</onleft>
					<onright>9001</onright>
					<onup>23</onup>
					<ondown>22</ondown>
					<!--ok button-->
					<include content="AnimatedCircleButtonGroup">
						<param name="button-id" value="20" />
						<param name="button-width" value="130" />
						<param name="button-texture" value="yesbutton" />
						<param name="button-label" value="186" />
						<param name="button-onup" value="23" />
						<param name="button-ondown" value="22" />
						<param name="button-onleft" value="21" />
						<param name="button-onright" value="21" />
					</include>
					<!--cancel button-->
					<include content="AnimatedCircleButtonGroup">
						<param name="button-id" value="21" />
						<param name="button-width" value="180" />
						<param name="button-texture" value="nobutton" />
						<param name="button-label" value="222" />
						<param name="button-onup" value="23" />
						<param name="button-ondown" value="22" />
						<param name="button-onleft" value="20" />
						<param name="button-onright" value="20" />
					</include>
				</control>
			</control>
		</control>
	</controls>
</window>