<?xml version="1.0" encoding="UTF-8" standalone="yes"?>
<addon id="plugin.video.live.festacinechikiry" name="[COLOR gold]CINECHIKIRYFESTA[/COLOR]" version="2.0.0" provider-name="chikiry">
	<requires>
        <import addon="script.module.six"/>
        <import addon="script.module.kodi-six"/>
        <import addon="script.module.requests"/>
        <import addon="script.module.websocket" optional="true" />
        <import addon="script.module.youtube.dl" optional="true" />
        <import addon="plugin.video.youtube" />
        <import addon="script.module.dateutil" optional="true" />
        <import addon="script.module.resolveurl" optional="true" />
        <import addon="script.module.cloudscraper" optional="true" />
        <import addon="script.module.inputstreamhelper" />
        <import addon="script.module.pycryptodome" optional="true" />
        <import addon="script.module.slproxy" optional="true" />
	</requires>
	<extension point="xbmc.python.pluginsource" library="default.py">
		<provides>video</provides>
	</extension>
	
	<extension point="xbmc.addon.repository" name="chikiryrepo">
    	<dir minversion="18.9.0">
		    <info compressed="false">https://raw.githubusercontent.com/chikiry/chikiryrepo/master/Repositorio/addons.xml</info>
		    <checksum>https://raw.githubusercontent.com/chikiry/chikiryrepo/master/Repositorio/addons.xml.md5</checksum>
		    <datadir zip="true">https://raw.githubusercontent.com/chikiry/chikiryrepo/master/Repositorio/</datadir>
	    </dir>
	</extension>

	
  <extension point="xbmc.addon.metadata">
    <summary>CINE CHIKIRY</summary>
	<description>COMPLEMENTO PARA CHIKIRYWIZARD</description>
    <platform>all</platform>
	<assets>
            <icon>icon.png</icon>
            <fanart>fanart.jpg</fanart>
        </assets>
  </extension>
</addon>
