<?xml version="1.0" encoding="UTF-8"?>
<includes>
	<default type="image">
		<texture></texture>
		<colorkey>0</colorkey>
	</default>
	<default type="label">
		<label></label>
		<font>label</font>
		<textcolor>white</textcolor>
		<disabledcolor>$INFO[Skin.String(color.disabled)]</disabledcolor>
	</default>
	<default type="fadelabel">
		<font>label</font>
		<textcolor>white</textcolor>
		<disabledcolor>$INFO[Skin.String(color.disabled)]</disabledcolor>
	</default>
	<default type="button">
		<width>180</width>
		<height>60</height>
		<texturefocus colordiffuse="$INFO[Skin.String(color.500)]">backgrounds/white.png</texturefocus>
		<texturenofocus></texturenofocus>
		<font>label</font>
		<textcolor>white</textcolor>
		<focusedcolor>white</focusedcolor>
		<selectedcolor>white</selectedcolor>
		<disabledcolor>$INFO[Skin.String(color.disabled)]</disabledcolor>
		<textoffsetx>15</textoffsetx>
		<aligny>center</aligny>
		<pulseonselect>no</pulseonselect>
	</default>
	<default type="togglebutton">
		<width>30</width>
		<height>30</height>
		<texturefocus colordiffuse="$INFO[Skin.String(color.500)]">backgrounds/white.png</texturefocus>
		<texturenofocus></texturenofocus>
		<alttexturefocus colordiffuse="$INFO[Skin.String(color.500)]">backgrounds/white.png</alttexturefocus>
		<alttexturenofocus></alttexturenofocus>
		<textcolor>white</textcolor>
		<focusedcolor>white</focusedcolor>
		<label></label>
		<font>label</font>
		<disabledcolor>$INFO[Skin.String(color.disabled)]</disabledcolor>
		<pulseonselect>no</pulseonselect>
	</default>
	<default type="textbox">
		<width>615</width>
		<height>320</height>
		<align>left</align>
		<textcolor>white</textcolor>
		<font>label</font>
	</default>
	<default type="progress">
		<texturebg colordiffuse="secondary">backgrounds/white.png</texturebg>
		<lefttexture></lefttexture>
		<midtexture colordiffuse="$INFO[Skin.String(color.500)]">backgrounds/white.png</midtexture>
		<righttexture></righttexture>
		<overlaytexture></overlaytexture>
	</default>
	<default type="spincontrol">
		<textureup colordiffuse="white">scroll-up-2.png</textureup>
		<texturedown colordiffuse="white">scroll-down-2.png</texturedown>
		<textureupfocus colordiffuse="$INFO[Skin.String(color.tertiary)]">scroll-up-2.png</textureupfocus>
		<texturedownfocus colordiffuse="$INFO[Skin.String(color.tertiary)]">scroll-down-2.png</texturedownfocus>
		<textureupdisabled colordiffuse="$INFO[Skin.String(color.tertiary)]">scroll-up-2.png</textureupdisabled>
		<texturedowndisabled colordiffuse="$INFO[Skin.String(color.tertiary)]">scroll-down-2.png</texturedowndisabled>
		<align>right</align>
		<width>32</width>
		<height>36</height>
		<font>label</font>
		<reverse>yes</reverse>
		<textcolor>white</textcolor>
		<focusedcolor>white</focusedcolor>
		<disabledcolor>$INFO[Skin.String(color.disabled)]</disabledcolor>
		<subtype>text</subtype>
		<textoffsetx>-8</textoffsetx>
		<textoffsety>0</textoffsety>
		<pulseonselect>no</pulseonselect>
	</default>
	<default type="spincontrolex">
		<width>450</width>
		<height>60</height>
		<spinwidth>32</spinwidth>
		<spinheight>36</spinheight>
		<texturefocus colordiffuse="$INFO[Skin.String(color.500)]">backgrounds/white.png</texturefocus>
		<texturenofocus></texturenofocus>
		<textureup colordiffuse="white">scroll-up-2.png</textureup>
		<texturedown colordiffuse="white">scroll-down-2.png</texturedown>
		<textureupfocus colordiffuse="$INFO[Skin.String(color.tertiary)]">scroll-up-2.png</textureupfocus>
		<texturedownfocus colordiffuse="$INFO[Skin.String(color.tertiary)]">scroll-down-2.png</texturedownfocus>
		<textureupdisabled colordiffuse="$INFO[Skin.String(color.tertiary)]">scroll-up-2.png</textureupdisabled>
		<texturedowndisabled colordiffuse="$INFO[Skin.String(color.tertiary)]">scroll-down-2.png</texturedowndisabled>
		<font>label</font>
		<textcolor>white</textcolor>
		<focusedcolor>white</focusedcolor>
		<disabledcolor>$INFO[Skin.String(color.disabled)]</disabledcolor>
		<textoffsetx>15</textoffsetx>
		<aligny>center</aligny>
		<reverse>yes</reverse>
		<pulseonselect>no</pulseonselect>
	</default>
	<default type="radiobutton">
		<width>450</width>
		<height>60</height>
		<radiowidth>36</radiowidth>
		<radioheight>36</radioheight>
		<textureradioonfocus colordiffuse="$INFO[Skin.String(color.tertiary)]">radiobutton-focus.png</textureradioonfocus>
		<textureradioonnofocus colordiffuse="white">radiobutton-focus.png</textureradioonnofocus>
		<textureradioondisabled colordiffuse="white">radiobutton-focus.png</textureradioondisabled>
		<textureradioofffocus colordiffuse="$INFO[Skin.String(color.tertiary)]">radiobutton-nofocus.png</textureradioofffocus>
		<textureradiooffnofocus colordiffuse="white">radiobutton-nofocus.png</textureradiooffnofocus>
		<textureradiooffdisabled colordiffuse="white">radiobutton-nofocus.png</textureradiooffdisabled>
		<texturefocus colordiffuse="$INFO[Skin.String(color.500)]">backgrounds/white.png</texturefocus>
		<texturenofocus></texturenofocus>
		<label>215</label>
		<font>label</font>
		<textcolor>white</textcolor>
		<focusedcolor>white</focusedcolor>
		<disabledcolor>$INFO[Skin.String(color.disabled)]</disabledcolor>
		<textoffsetx>15</textoffsetx>
		<aligny>center</aligny>
		<pulseonselect>no</pulseonselect>
	</default>
	<default type="slider">
		<controloffsetx>75</controloffsetx>
		<controloffsety>0</controloffsety>
		<orientation>horizontal</orientation>
	</default>
	<default type="sliderex">
		<height>60</height>
		<textoffsetx>15</textoffsetx>
		<aligny>center</aligny>
		<texturefocus colordiffuse="$INFO[Skin.String(color.500)]">backgrounds/white.png</texturefocus>
		<texturenofocus></texturenofocus>
		<sliderwidth>150</sliderwidth>
		<sliderheight>20</sliderheight>
		<texturesliderbar>osd_slider_bg.png</texturesliderbar>
		<textureslidernib>osd_slider_nibNF.png</textureslidernib>
		<textureslidernibfocus>osd_slider_nib.png</textureslidernibfocus>
		<font>label</font>
		<textcolor>white</textcolor>
		<focusedcolor>white</focusedcolor>
		<disabledcolor>$INFO[Skin.String(color.disabled)]</disabledcolor>
	</default>
	<default type="mover">
		<texturefocus>CalibrateTopLeft.png</texturefocus>
		<texturenofocus></texturenofocus>
	</default>
	<default type="resize">
		<texturefocus>CalibratePixelRatio.png</texturefocus>
		<texturenofocus></texturenofocus>
	</default>
	<default type="edit">
		<width>450</width>
		<height>60</height>
		<texturefocus colordiffuse="$INFO[Skin.String(color.500)]">backgrounds/white.png</texturefocus>
		<texturenofocus></texturenofocus>
		<font>label</font>
		<textcolor>white</textcolor>
		<focusedcolor>white</focusedcolor>
		<disabledcolor>$INFO[Skin.String(color.disabled)]</disabledcolor>
		<invalidcolor>invalid</invalidcolor>
		<textoffsetx>10</textoffsetx>
		<aligny>center</aligny>
		<pulseonselect>no</pulseonselect>
	</default>
	<default type="scrollbar">
		<width>5</width>
		<texturesliderbackground colordiffuse="black">backgrounds/bg_fade.png</texturesliderbackground>
		<texturesliderbar colordiffuse="$INFO[Skin.String(color.500)]">backgrounds/white.png</texturesliderbar>
		<texturesliderbarfocus colordiffuse="white">backgrounds/white.png</texturesliderbarfocus>
		<textureslidernib></textureslidernib>
		<textureslidernibfocus></textureslidernibfocus>
		<showonepage>false</showonepage>
		<orientation>vertical</orientation>
	</default>
</includes>