<?xml version="1.0" encoding="UTF-8"?>
<window>
	<defaultcontrol>61</defaultcontrol>
	<controls>
		<control type="group">
			<left>0r</left>
			<width>1105</width>
			<visible>!Window.IsActive(ShutdownMenu)</visible>
			<include content="SideBladeRight">
				<param name="dialog-glowwidth" value="1105" />
				<param name="subtitle-visible" value="true" />
			</include>
			<!--close window button-->
			<control type="button">
				<left>35</left>
				<top>0</top>
				<width>50</width>
				<height>25</height>
				<label></label>
				<font></font>
				<onclick>PreviousMenu</onclick>
				<texturefocus>DialogCloseButton-focus.png</texturefocus>
				<texturenofocus>DialogCloseButton.png</texturenofocus>
				<onleft>61</onleft>
				<onright>61</onright>
				<onup>61</onup>
				<ondown>61</ondown>
				<visible>system.getbool(input.enablemouse)</visible>
			</control>
			<!--main content-->
			<control type="group">
				<!--title-->
				<control type="label" id="1">
					<left>45</left>
					<top>15</top>
					<width>1045</width>
					<height>60</height>
					<font>menu.title</font>
					<align>center</align>
					<aligny>center</aligny>
					<textcolor>white</textcolor>
				</control>
				<!--secondary title-->
				<control type="label">
					<left>45</left>
					<top>90</top>
					<width>1045</width>
					<height>50</height>
					<font>kai.secondary</font>
					<align>center</align>
					<aligny>center</aligny>
					<textcolor>white</textcolor>
					<label>$INFO[System.Date(DDD)], $INFO[System.Date(d)] $INFO[System.Date(mmm)] $INFO[System.Date(yyyy)], $INFO[System.Time] • $LOCALIZE[31024] $INFO[Container(5).CurrentPage]/$INFO[Container(5).NumPages]</label>
				</control>
				<!--changelog content-->
				<control type="textbox" id="5">
					<left>45</left>
					<top>169</top>
					<bottom>15</bottom>
					<width>1045</width>
					<label></label>
					<font>label</font>
					<align>justify</align>
					<pagecontrol>61</pagecontrol>
				</control>
				<!--scrollbar-->
				<control type="scrollbar" id="61">
					<left>18</left>
					<top>155</top>
					<bottom>15</bottom>
					<onleft>61</onleft>
					<onright>61</onright>
					<ondown>61</ondown>
					<onup>61</onup>
				</control>
			</control>
		</control>
	</controls>
</window>