<?xml version="1.0" encoding="UTF-8"?>
<window>
	<defaultcontrol>5</defaultcontrol>
	<controls>
		
		<control type="group">
			<include>CommonBackground</include>
		</control>
		
		<control type="group">
			<visible>!Skin.HasSetting(Weatherinfo) + !String.IsEmpty(Weather.Plugin)</visible>
			<control type="image">
				<left>60</left>
				<top>60</top>
				<width>360</width>
				<height>60</height>
				<texture colordiffuse="black">backgrounds/bg_fade.png</texture>
			</control>
			<control type="image">
				<left>70</left>
				<top>60</top>
				<width>60</width>
				<height>60</height>
				<aspectratio>keep</aspectratio>
				<texture>$INFO[Weather.ConditionsIcon]</texture>
			</control>
			<control type="label">
				<left>140</left>
				<top>60</top>
				<width>100</width>
				<height>60</height>
				<align>left</align>
				<aligny>center</aligny>
				<font>menu.title</font>
				<textcolor>$INFO[Skin.String(color.500)]</textcolor>
				<label>[B]$INFO[Window(Weather).Property(Current.Temperature)][/B] $INFO[System.TemperatureUnits]</label>
			</control>
			<control type="label">
				<left>210</left>
				<top>60</top>
				<width>200</width>
				<height>60</height>
				<align>left</align>
				<aligny>center</aligny>
				<font>breadcrumb.secondary</font>
				<textcolor>white</textcolor>
				<label>$INFO[Window(Weather).Property(Current.Condition),]</label>
				<scroll>true</scroll>
			</control>
		</control>
		
		<control type="group">
		<visible>!Skin.HasSetting(Clock)</visible>
			<control type="image">
				<right>60</right>
				<top>60</top>
				<width>360</width>
				<height>60</height>
				<texture colordiffuse="black">backgrounds/bg_fade.png</texture>
			</control>
			<control type="label">
				<right>130</right>
				<top>60</top>
				<width>200</width>
				<height>60</height>
				<align>right</align>
				<aligny>center</aligny>
				<font>menu.title</font>
				<textcolor>$INFO[Skin.String(color.500)]</textcolor>
				<label>$INFO[System.Time(hh:mm)]</label>
			</control>
			<control type="label">
				<right>60</right>
				<top>60</top>
				<width>70</width>
				<height>60</height>
				<align>left</align>
				<aligny>center</aligny>
				<font>menu.title</font>
				<textcolor>$INFO[Skin.String(color.500)]</textcolor>
				<label>:$INFO[System.Time(ss)]</label>
			</control>
			<control type="label">
				<right>260</right>
				<top>60</top>
				<width>300</width>
				<height>60</height>
				<align>right</align>
				<aligny>center</aligny>
				<font>breadcrumb.secondary</font>
				<textcolor>white</textcolor>
				<label>$INFO[System.Date(dd:mm:yyyy]</label>
			</control>
		</control>
			
		<control type="group">
			<visible>!Skin.HasSetting(Playerinfo)</visible>
			<control type="group">
				<visible>VideoPlayer.Content(Movies)</visible>
				<control type="image">
					<left>60</left>
					<top>220r</top>
					<width>805</width>
					<height>92</height>
					<texture colordiffuse="black">backgrounds/bg_fade.png</texture>
				</control>
				<control type="image">
					<left>50</left>
					<top>210r</top>
					<width>70</width>
					<height>70</height>
					<texture>osd/play.png</texture>
				</control>
				<control type="label">
					<left>115</left>
					<width>505</width>
					<top>210r</top>
					<height>45</height>
					<align>left</align>
					<aligny>center</aligny>
					<font>breadcrumb</font>
					<textcolor>$INFO[Skin.String(color.500)]</textcolor>
					<shadowcolor>black</shadowcolor>
					<label>$INFO[Player.Title]</label>
					<scroll>true</scroll>
				</control>
				<control type="label">
					<left>115</left>
					<width>735</width>
					<top>175r</top>
					<height>38</height>
					<align>left</align>
					<aligny>center</aligny>
					<font>breadcrumb.secondary</font>
					<textcolor>white</textcolor>
					<label>$INFO[VideoPlayer.Studio]</label>
					<scroll>true</scroll>
				</control>
				<control type="label">
					<left>555</left>
					<width>300</width>
					<top>205r</top>
					<height>45</height>
					<align>right</align>
					<aligny>center</aligny>
					<font>breadcrumb.secondary</font>
					<textcolor>white</textcolor>
					<label>$INFO[Player.Time] / $INFO[Player.Duration,]</label>
				</control>
			</control>
			<control type="group">
				<visible>VideoPlayer.Content(Episodes)</visible>
				<control type="image">
					<left>60</left>
					<top>220r</top>
					<width>805</width>
					<height>92</height>
					<texture colordiffuse="black">backgrounds/bg_fade.png</texture>
				</control>
				<control type="image">
					<left>50</left>
					<top>210r</top>
					<width>70</width>
					<height>70</height>
					<texture>osd/play.png</texture>
				</control>
				<control type="label">
					<left>115</left>
					<width>505</width>
					<top>210r</top>
					<height>45</height>
					<align>left</align>
					<aligny>center</aligny>
					<font>breadcrumb</font>
					<textcolor>$INFO[Skin.String(color.500)]</textcolor>
					<shadowcolor>black</shadowcolor>
					<label>$INFO[Player.Title]</label>
					<scroll>true</scroll>
				</control>
				<control type="label">
					<left>115</left>
					<width>735</width>
					<top>175r</top>
					<height>38</height>
					<align>left</align>
					<aligny>center</aligny>
					<font>breadcrumb.secondary</font>
					<textcolor>white</textcolor>
					<label>$INFO[VideoPlayer.TVShowTitle] ($INFO[VideoPlayer.Season,$LOCALIZE[20373] , - ]$INFO[VideoPlayer.episode,$LOCALIZE[20359] ,])</label>
					<scroll>true</scroll>
				</control>
				<control type="label">
					<left>555</left>
					<width>300</width>
					<top>205r</top>
					<height>45</height>
					<align>right</align>
					<aligny>center</aligny>
					<font>breadcrumb.secondary</font>
					<textcolor>white</textcolor>
					<label>$INFO[Player.Time] / $INFO[Player.Duration,]</label>
				</control>
			</control>
			<control type="group">
				<visible>Player.HasVideo</visible>
				<visible>!VideoPlayer.Content(Movies) + !VideoPlayer.Content(Episodes) + !VideoPlayer.Content(LiveTV)</visible>
				<control type="image">
					<left>60</left>
					<top>220r</top>
					<width>805</width>
					<height>92</height>
					<texture colordiffuse="black">backgrounds/bg_fade.png</texture>
				</control>
				<control type="image">
					<left>50</left>
					<top>210r</top>
					<width>70</width>
					<height>70</height>
					<texture>osd/play.png</texture>
				</control>
				<control type="label">
				<left>115</left>
					<width>505</width>
					<top>210r</top>
					<height>45</height>
					<align>left</align>
					<aligny>center</aligny>
					<font>breadcrumb</font>
					<textcolor>$INFO[Skin.String(color.500)]</textcolor>
					<shadowcolor>black</shadowcolor>
					<label>$INFO[Player.Title]</label>
				</control>
				<control type="label">
				<left>555</left>
					<width>300</width>
					<top>205r</top>
					<height>45</height>
					<align>right</align>
					<aligny>center</aligny>
					<font>breadcrumb.secondary</font>
					<textcolor>white</textcolor>
					<label>$INFO[Player.Time] / $INFO[Player.Duration,]</label>
				</control>
			</control>
			<control type="group">
				<visible>VideoPlayer.Content(LiveTV)</visible>
				<control type="image">
					<left>60</left>
					<top>220r</top>
					<width>805</width>
					<height>92</height>
					<texture colordiffuse="black">backgrounds/bg_fade.png</texture>
				</control>
				<control type="image">
					<left>50</left>
					<top>210r</top>
					<width>70</width>
					<height>70</height>
					<texture>osd/play.png</texture>
				</control>
				<control type="label">
					<left>115</left>
					<width>505</width>
					<top>210r</top>
					<height>45</height>
					<align>left</align>
					<aligny>center</aligny>
					<font>breadcrumb</font>
					<textcolor>$INFO[Skin.String(color.500)]</textcolor>
					<shadowcolor>black</shadowcolor>
					<label>$INFO[Player.Title]</label>
				</control>
				<control type="label">
					<left>115</left>
					<width>735</width>
					<top>175r</top>
					<height>38</height>
					<align>left</align>
					<aligny>center</aligny>
					<font>breadcrumb.secondary</font>
					<textcolor>white</textcolor>
					<label>$INFO[VideoPlayer.ChannelName]</label>
					<scroll>true</scroll>
				</control>
				<control type="label">
					<left>555</left>
					<width>300</width>
					<top>205r</top>
					<height>45</height>
					<align>right</align>
					<aligny>center</aligny>
					<font>breadcrumb.secondary</font>
					<textcolor>white</textcolor>
					<label>$INFO[Player.Time] / $INFO[Player.Duration,]</label>
				</control>
			</control>
			<control type="group">
				<visible>VideoPlayer.Content(Radio)</visible>
				<control type="image">
					<left>60</left>
					<top>220r</top>
					<width>805</width>
					<height>92</height>
					<texture colordiffuse="black">backgrounds/bg_fade.png</texture>
				</control>
				<control type="image">
					<left>50</left>
					<top>210r</top>
					<width>70</width>
					<height>70</height>
					<texture>osd/play.png</texture>
				</control>
				<control type="label">
					<left>115</left>
					<width>505</width>
					<top>210r</top>
					<height>45</height>
					<align>left</align>
					<aligny>center</aligny>
					<font>breadcrumb</font>
					<textcolor>$INFO[Skin.String(color.500)]</textcolor>
					<shadowcolor>black</shadowcolor>
					<label>$INFO[Player.Title]</label>
				</control>
				<control type="label">
					<left>115</left>
					<width>735</width>
					<top>175r</top>
					<height>38</height>
					<align>left</align>
					<aligny>center</aligny>
					<font>breadcrumb.secondary</font>
					<textcolor>white</textcolor>
					<label>$INFO[VideoPlayer.ChannelName]</label>
					<scroll>true</scroll>
				</control>
				<control type="label">
					<left>555</left>
					<width>300</width>
					<top>205r</top>
					<height>45</height>
					<align>right</align>
					<aligny>center</aligny>
					<font>breadcrumb.secondary</font>
					<textcolor>white</textcolor>
					<label>$INFO[Player.Time] / $INFO[Player.Duration,]</label>
				</control>
			</control>
			<control type="group">
				<visible>Player.HasAudio + !VideoPlayer.Content(Radio)</visible>
				<control type="image">
					<left>60</left>
					<top>220r</top>
					<width>805</width>
					<height>92</height>
					<texture colordiffuse="black">backgrounds/bg_fade.png</texture>
				</control>
				<control type="image">
					<left>50</left>
					<top>210r</top>
					<width>70</width>
					<height>70</height>
					<texture>osd/play.png</texture>
				</control>
				<control type="label">
					<left>115</left>
					<width>505</width>
					<top>210r</top>
					<height>45</height>
					<align>left</align>
					<aligny>center</aligny>
					<font>breadcrumb</font>
					<textcolor>$INFO[Skin.String(color.500)]</textcolor>
					<shadowcolor>black</shadowcolor>
					<label>$INFO[Player.Title] </label>
				</control>
				<control type="label">
					<left>115</left>
					<width>735</width>
					<top>175r</top>
					<height>38</height>
					<align>left</align>
					<aligny>center</aligny>
					<font>breadcrumb.secondary</font>
					<textcolor>white</textcolor>
					<label>$INFO[MusicPlayer.Artist] - $INFO[MusicPlayer.Album]$INFO[musicplayer.discnumber, - $LOCALIZE[427]: ]</label>
				</control>
				<control type="label">
					<left>555</left>
					<width>300</width>
					<top>205r</top>
					<height>45</height>
					<align>right</align>
					<aligny>center</aligny>
					<font>breadcrumb.secondary</font>
					<textcolor>white</textcolor>
					<shadowcolor>button.nf</shadowcolor>
					<label>$INFO[Player.Time] / $INFO[Player.Duration,]</label>
				</control>
			</control>
		</control>
		
		<control type="group">
			<visible>Skin.HasSetting(Touchmode)</visible>
			<control type="image">
				<left>60</left>
				<top>115r</top>
				<width>60</width>
				<height>60</height>
				<texture colordiffuse="black">backgrounds/bg_fade.png</texture>
			</control>
			<control type="button">
				<description>Back push button</description>
				<left>55</left>
				<top>120r</top>
				<width>70</width>
				<height>70</height>
				<label></label>
				<font/>
				<onclick>back</onclick>
				<texturefocus colordiffuse="$INFO[Skin.String(color.500)]">icons/back.png</texturefocus>
				<texturenofocus colordiffuse="white">icons/back.png</texturenofocus>
				<onleft></onleft>
				<onright></onright>
				<onup></onup>
				<ondown></ondown>
			</control>
			<control type="image">
				<right>60</right>
				<top>115r</top>
				<width>60</width>
				<height>60</height>
				<texture colordiffuse="black">backgrounds/bg_fade.png</texture>
			</control>
			<control type="button">
				<description>Home push button</description>
				<right>55</right>
				<top>120r</top>
				<width>70</width>
				<height>70</height>
				<label></label>
				<font/>
				<onclick>ActivateWindow(home)</onclick>
				<texturefocus colordiffuse="$INFO[Skin.String(color.500)]">icons/home.png</texturefocus>
				<texturenofocus colordiffuse="white">icons/home.png</texturenofocus>
				<onleft></onleft>
				<onright></onright>
				<onup></onup>
				<ondown></ondown>
			</control>
		</control>
		
		<control type="group">
			<left>60</left>
			<centertop>50%</centertop>
			<width>1800</width>
			<height>783</height>
			<control type="image">
				<left>0</left>
				<top>0</top>
				<width>1800</width>
				<height>650</height>
				<texture colordiffuse="black">backgrounds/bg_fade.png</texture>
			</control>
			<control type="image">
				<left>0</left>
				<top>655</top>
				<width>1800</width>
				<height>115</height>
				<texture colordiffuse="black">backgrounds/bg_fade.png</texture>
			</control>
			<!--main content-->
			<control type="group">
				<!--title-->
				<control type="label" id="2">
					<left>0</left>
					<top>5</top>
					<width>1800</width>
					<height>60</height>
					<font>info.title</font>
					<align>center</align>
					<aligny>center</aligny>
					<textcolor>$INFO[Skin.String(color.500)]</textcolor>
					<textcolor>$INFO[Skin.String(color.500)]</textcolor>
					<label></label>
				</control>
				<!--options-->
				<control type="grouplist" id="5">
					<description>control area</description>
					<left>345</left>
					<top>100</top>
					<bottom>140</bottom>
					<width>1110</width>
					<itemgap>0</itemgap>
					<pagecontrol>60</pagecontrol>
					<onleft>9001</onleft>
					<onright>60</onright>
					<onup>5</onup>
					<ondown>5</ondown>
				</control>
				<control type="grouplist" id="9001">
					<centerleft>50%</centerleft>
					<top>100r</top>
					<width>1000</width>
					<height>60</height>
					<align>justify</align>
					<orientation>horizontal</orientation>
					<onleft>9001</onleft>
					<onright>9001</onright>
					<onup>5</onup>
					<ondown>5</ondown>
					<!--ok button-->
					<include content="AnimatedCircleButtonGroup">
						<param name="button-id" value="28" />
						<param name="button-width" value="130" />
						<param name="button-texture" value="yesbutton" />
						<param name="button-onup" value="5" />
						<param name="button-ondown" value="5" />
						<param name="button-onleft" value="30" />
						<param name="button-onright" value="29" />
					</include>
					<!--cancel button-->
					<include content="AnimatedCircleButtonGroup">
						<param name="button-id" value="29" />
						<param name="button-width" value="180" />
						<param name="button-texture" value="nobutton" />
						<param name="button-onup" value="5" />
						<param name="button-ondown" value="5" />
						<param name="button-onleft" value="28" />
						<param name="button-onright" value="30" />
					</include>
					<!--default button-->
					<include content="AnimatedCircleButtonGroup">
						<param name="button-id" value="30" />
						<param name="button-width" value="180" />
						<param name="button-texture" value="settingsbutton" />
						<param name="button-onup" value="5" />
						<param name="button-ondown" value="5" />
						<param name="button-onleft" value="29" />
						<param name="button-onright" value="28" />
					</include>
				</control>
			</control>
		</control>
		<!--button-->
		<control type="button" id="7">
			<left>0</left>
			<top>0</top>
		</control>
		<!--radio button-->
		<control type="radiobutton" id="8">
			<left>0</left>
			<top>0</top>
		</control>
		<!--spin control-->
		<control type="spincontrolex" id="9">
			<left>0</left>
			<top>0</top>
			<reverse>yes</reverse>
		</control>
		<!--separator-->
		<control type="image" id="11">
			<height>0</height>
			<texture></texture>
			<visible>false</visible>
		</control>
		<!--edit-->
		<control type="edit" id="12">
			<left>0</left>
			<top>0</top>
		</control>
		<!--slider-->
		<control type="sliderex" id="13">
			<left>0</left>
			<top>0</top>
		</control>
		<!--label-->
		<control type="label" id="14">
			<left>0</left>
			<top>0</top>
			<height>60</height>
			<font>button.bold</font>
			<textcolor>$INFO[Skin.String(color.500)]</textcolor>
			<textoffsetx>5</textoffsetx>
			<aligny>center</aligny>
		</control>
	</controls>
</window>