<?xml version="1.0" encoding="UTF-8"?>
<window>
	<animation effect="fade" start="0" end="100" time="200">WindowOpen</animation>
	<animation effect="fade" start="100" end="0" time="200">WindowClose</animation>
	<controls>
		<control type="group">
			<left>334r</left>
			<top>122r</top>
			<width>270</width>
			<height>73</height>
			<!--glow-->
			<control type="image">
				<left>-10</left>
				<top>-10</top>
				<width>294</width>
				<height>93</height>
				<texture border="12" colordiffuse="black">backgrounds/bg_fade.png</texture>
			</control>
			<control type="image">
				<left>-10</left>
				<top>-10</top>
				<width>294</width>
				<height>93</height>
				<texture border="12" colordiffuse="black">backgrounds/bg_fade.png</texture>
			</control>
			<control type="image">
				<description>Busy animation</description>
				<left>60r</left>
				<top>13</top>
				<width>48</width>
				<height>48</height>
				<texture colordiffuse="$INFO[Skin.String(color.500)]">busy.png</texture>
				<aspectratio>keep</aspectratio>
				<animation effect="rotate" start="0" end="360" center="auto" time="1200" loop="true" condition="true">conditional</animation>
			</control>
			<control type="label">
				<description>Busy label</description>
				<left>10</left>
				<width>182</width>
				<height>73</height>
				<align>right</align>
				<aligny>center</aligny>
				<label>$LOCALIZE[31004]</label>
				<font>kai.primary</font>
				<textcolor>white</textcolor>
			</control>
			<control type="progress" id="10">
				<description>Progressbar</description>
				<left>10</left>
				<top>17r</top>
				<width>190</width>
				<height>7</height>
			</control>
		</control>
	</controls>
</window>