<?xml version="1.0" encoding="UTF-8"?>
<window>
	<defaultcontrol>1000</defaultcontrol>
	<include>dialogeffect</include>
	<controls>
		<!--all content-->
		<control type="group">
			<left>0r</left>
			<width>405</width>
			<include>SideBladeRight</include>
			<visible>!Window.IsActive(shutdownmenu)</visible>
			
			<control type="button">
				<visible>Skin.HasSetting(Touchmode)</visible>
				<description>Home push button</description>
				<left>40</left>
				<top>10</top>
				<width>70</width>
				<height>70</height>
				<label></label>
				<font/>
				<onclick>PreviousMenu</onclick>
				<texturefocus colordiffuse="$INFO[Skin.String(color.500)]">icons/home.png</texturefocus>
				<texturenofocus colordiffuse="white">icons/home.png</texturenofocus>
				<onleft></onleft>
				<onright></onright>
				<onup></onup>
				<ondown></ondown>
			</control>
			
			<!--title-->
			<control type="label">
				<left>40</left>
				<top>15</top>
				<width>355</width>
				<height>60</height>
				<font>menu.title</font>
				<textcolor>$INFO[Skin.String(color.500)]</textcolor>
				<align>center</align>
				<aligny>center</aligny>
				<label>31065</label>
			</control>
			<control type="group">
				<top>100</top>
				<bottom>0</bottom>
				<!--buttons grouplist-->
				<control type="grouplist" id="996">
					<left>40</left>
					<width>355</width>
					<height>100%</height>
					<itemgap>3</itemgap>
				</control>
			</control>
			<!--button appearance-->
			<control type="button" id="1000">
				<include>ButtonCommonValues</include>
				<align>center</align>
			</control>
		</control>
	</controls>
</window>