<?xml version="1.0" encoding="UTF-8"?>
<includes>
	<variable name="typehackflagging">
		<value condition="[String.Contains(ListItem.FilenameAndPath,bluray) | String.Contains(ListItem.FilenameAndPath,bdrip) | String.Contains(ListItem.FilenameAndPath,bd25) | String.Contains(ListItem.FilenameAndPath,bd50)]">bluray</value>
		<value condition="String.Contains(ListItem.FilenameAndPath,hddvd)">hddvd</value>
		<value condition="String.Contains(ListItem.FilenameAndPath,dvd)">dvd</value>
		<value condition="[String.Contains(ListItem.FilenameAndPath,pdtv) | String.Contains(ListItem.FilenameAndPath,hdtv) | String.Contains(ListItem.FilenameAndPath,dsr)]">TV</value>
		<value condition="String.Contains(ListItem.FilenameAndPath,vhs)">vhs</value>
	</variable>
	<variable name="rating">
		<value condition="String.Contains(listitem.mpaa,Rated G)">mpaa_general</value>
		<value condition="String.Contains(listitem.mpaa,Rated PG) + !String.Contains(listitem.mpaa,Rated PG-13)">mpaa_pg</value>
		<value condition="String.Contains(listitem.mpaa,Rated PG-13)">mpaa_pg13</value>
		<value condition="String.Contains(Listitem.mpaa,Rated R)">mpaa_restricted</value>
		<value condition="String.Contains(Listitem.mpaa,Rated NC)">mpaa_nc17</value>
	</variable>
	<variable name="videocodec">
		<value condition="[String.Contains(ListItem.VideoCodec,div,left) | String.IsEqual(ListItem.VideoCodec,dx50)]">divx</value>
		<value>$INFO[ListItem.VideoCodec]</value>
	</variable>
	<include name="media.flags">
		<control type="group">
			<control type="group">
				<!--flag bg-->
				<control type="image">
					<width>85</width>
					<height>40</height>
					<texture>flags/base.png</texture>
					<colordiffuse>$INFO[Skin.String(color.500)]</colordiffuse>
				</control>
				<control type="image">
					<left>85</left>
					<width>123</width>
					<height>40</height>
					<texture>flags/base 2.png</texture>
					<colordiffuse>$INFO[Skin.String(color.500)]</colordiffuse>
				</control>
				<control type="image">
					<left>208</left>
					<width>105</width>
					<height>40</height>
					<texture>flags/base.png</texture>
					<colordiffuse>$INFO[Skin.String(color.500)]</colordiffuse>
				</control>
				<control type="image">
					<left>330</left>
					<width>115</width>
					<height>40</height>
					<texture>flags/base 3.png</texture>
					<colordiffuse>$INFO[Skin.String(color.500)]</colordiffuse>
				</control>
				<control type="image">
					<left>445</left>
					<width>65</width>
					<height>40</height>
					<texture>flags/base.png</texture>
					<colordiffuse>$INFO[Skin.String(color.500)]</colordiffuse>
				</control>
			</control>
			<control type="group">
				<!--flags-->
				<control type="image">
					<!--resolution-->
					<top>2</top>
					<width>85</width>
					<height>35</height>
					<texture fallback="flags/resolution/defaultscreen.png">$INFO[ListItem.VideoResolution,flags/resolution/,.png]</texture>
					<aspectratio>keep</aspectratio>
				</control>
				<control type="image">
					<!--video codec-->
					<left>90</left>
					<top>2</top>
					<width>113</width>
					<height>35</height>
					<texture fallback="flags/videocodec/default.png" colordiffuse="$INFO[Skin.String(color.500)]">$INFO[ListItem.VideoCodec,flags/videocodec/,.png]</texture>
					<aspectratio>keep</aspectratio>
				</control>
				<control type="image">
					<!--aspect ratio-->
					<left>213</left>
					<top>2</top>
					<width>95</width>
					<height>35</height>
					<texture fallback="flags/aspectratio/default.png">$INFO[ListItem.VideoAspect,flags/aspectratio/,.png]</texture>
					<aspectratio>keep</aspectratio>
				</control>
				<control type="image">
					<!--audio codec-->
					<left>330</left>
					<top>2</top>
					<width>115</width>
					<height>35</height>
					<texture fallback="flags/audio/default.png" colordiffuse="$INFO[Skin.String(color.500)]">$INFO[ListItem.AudioCodec,flags/audio/,.png]</texture>
					<aspectratio>keep</aspectratio>
				</control>
				<control type="image">
					<!--audio channels-->
					<left>445</left>
					<top>2</top>
					<width>65</width>
					<height>35</height>
					<texture fallback="flags/audio/default channel.png">$INFO[ListItem.AudioChannels,flags/audio/,.png]</texture>
					<aspectratio>keep</aspectratio>
				</control>
			</control>
		</control>
	</include>
	<include name="media.flags.small">
		<control type="group">
			<control type="group">
				<!--flag bg-->
				<control type="image">
					<width>85</width>
					<height>40</height>
					<texture>flags/base.png</texture>
					<colordiffuse>$INFO[Skin.String(color.500)]</colordiffuse>
				</control>
				<control type="image">
					<left>85</left>
					<width>123</width>
					<height>40</height>
					<texture>flags/base 2.png</texture>
					<colordiffuse>$INFO[Skin.String(color.500)]</colordiffuse>
				</control>
				<control type="image">
					<left>208</left>
					<width>105</width>
					<height>40</height>
					<texture>flags/base.png</texture>
					<colordiffuse>$INFO[Skin.String(color.500)]</colordiffuse>
				</control>
				<control type="image">
					<left>330</left>
					<width>115</width>
					<height>40</height>
					<texture>flags/base 3.png</texture>
					<colordiffuse>$INFO[Skin.String(color.500)]</colordiffuse>
				</control>
				<control type="image">
					<left>445</left>
					<width>65</width>
					<height>40</height>
					<texture>flags/base.png</texture>
					<colordiffuse>$INFO[Skin.String(color.500)]</colordiffuse>
				</control>
			</control>
			<control type="group">
				<!--flags-->
				<control type="image">
					<!--resolution-->
					<left>5</left>
					<top>5</top>
					<width>73</width>
					<height>30</height>
					<texture fallback="flags/resolution/defaultscreen.png">$INFO[ListItem.VideoResolution,flags/resolution/,.png]</texture>
					<aspectratio>keep</aspectratio>
				</control>
				<control type="image">
					<!--video codec-->
					<left>97</left>
					<top>5</top>
					<width>97</width>
					<height>30</height>
					<texture fallback="flags/videocodec/default.png" colordiffuse="$INFO[Skin.String(color.500)]">$INFO[ListItem.VideoCodec,flags/videocodec/,.png]</texture>
					<aspectratio>keep</aspectratio>
				</control>
				<control type="image">
					<!--aspect ratio-->
					<left>222</left>
					<top>5</top>
					<width>81</width>
					<height>30</height>
					<texture fallback="flags/aspectratio/default.png">$INFO[ListItem.VideoAspect,flags/aspectratio/,.png]</texture>
					<aspectratio>keep</aspectratio>
				</control>
				<control type="image">
					<!--audio codec-->
					<left>342</left>
					<top>5</top>
					<width>99</width>
					<height>30</height>
					<texture fallback="flags/audio/default.png" colordiffuse="$INFO[Skin.String(color.500)]">$INFO[ListItem.AudioCodec,flags/audio/,.png]</texture>
					<aspectratio>keep</aspectratio>
				</control>
				<control type="image">
					<!--audio channels-->
					<left>451</left>
					<top>5</top>
					<width>56</width>
					<height>30</height>
					<texture fallback="flags/audio/default channel.png">$INFO[ListItem.AudioChannels,flags/audio/,.png]</texture>
					<aspectratio>keep</aspectratio>
				</control>
			</control>
		</control>
	</include>
	<include name="video.flags.info">
		<control type="grouplist" id="1">
			<width>460</width>
			<height>52</height>
			<itemgap>0</itemgap>
			<align>right</align>
			<orientation>horizontal</orientation>
			<visible>!Player.ChannelPreviewActive</visible>
			<!--video resolution-->
			<control type="group" id="1">
				<width>57</width>
				<height>27</height>
				<control type="image" id="1">
					<width>57</width>
					<height>27</height>
					<texture>flags/base 3.png</texture>
					<colordiffuse>$INFO[Skin.String(color.500)]</colordiffuse>
				</control>
				<control type="image" id="1">
					<left>3</left>
					<top>3</top>
					<width>49</width>
					<height>20</height>
					<texture fallback="flags/resolution/defaultscreen.png">$INFO[VideoPlayer.VideoResolution,flags/resolution/,.png]</texture>
					<aspectratio>keep</aspectratio>
					<colordiffuse>$INFO[Skin.String(color.500)]</colordiffuse>
				</control>
			</control>
			<!--video codec-->
			<control type="group" id="1">
				<width>82</width>
				<height>27</height>
				<control type="image" id="1">
					<width>82</width>
					<height>27</height>
					<texture>flags/base.png</texture>
					<colordiffuse>$INFO[Skin.String(color.500)]</colordiffuse>
				</control>
				<control type="image" id="1">
					<left>3</left>
					<top>3</top>
					<width>65</width>
					<height>20</height>
					<texture fallback="flags/videocodec/default.png">$INFO[VideoPlayer.VideoCodec,flags/videocodec/,.png]</texture>
					<aspectratio>keep</aspectratio>
				</control>
			</control>
			<!--audio codec-->
			<control type="group" id="1">
				<width>77</width>
				<height>27</height>
				<control type="image" id="1">
					<width>77</width>
					<height>27</height>
					<texture>flags/base 2.png</texture>
					<colordiffuse>$INFO[Skin.String(color.500)]</colordiffuse>
				</control>
				<control type="image" id="1">
					<left>3</left>
					<top>3</top>
					<width>66</width>
					<height>20</height>
					<texture fallback="flags/audio/default.png">$INFO[VideoPlayer.AudioCodec,flags/audio/,.png]</texture>
					<aspectratio>keep</aspectratio>
					<colordiffuse>$INFO[Skin.String(color.500)]</colordiffuse>
				</control>
			</control>
			<!--audio channels-->
			<control type="group" id="1">
				<width>43</width>
				<height>27</height>
				<control type="image" id="1">
					<width>43</width>
					<height>27</height>
					<texture>flags/base.png</texture>
					<colordiffuse>$INFO[Skin.String(color.500)]</colordiffuse>
				</control>
				<control type="image" id="1">
					<left>3</left>
					<top>3</top>
					<width>37</width>
					<height>20</height>
					<texture fallback="flags/audio/default channel.png">$INFO[VideoPlayer.AudioChannels,flags/audio/,.png]</texture>
					<aspectratio>keep</aspectratio>
				</control>
			</control>
			<!--audio language-->
			<control type="group" id="1">
				<width>78</width>
				<height>27</height>
				<visible>!String.IsEmpty(VideoPlayer.AudioLanguage)</visible>
				<control type="image" id="1">
					<visible>!String.IsEmpty(VideoPlayer.SubtitlesLanguage)</visible>
					<width>78</width>
					<height>27</height>
					<texture>flags/base 2.png</texture>
					<colordiffuse>$INFO[Skin.String(color.500)]</colordiffuse>
				</control>
				<control type="image" id="1">
					<visible>String.IsEmpty(VideoPlayer.SubtitlesLanguage)</visible>
					<width>78</width>
					<height>27</height>
					<texture flipx="true">flags/base 3.png</texture>
					<colordiffuse>$INFO[Skin.String(color.500)]</colordiffuse>
				</control>
				<control type="image" id="1">
					<left>5</left>
					<top>4</top>
					<width>20</width>
					<height>20</height>
					<texture>OSDAudioNF.png</texture>
					<aspectratio>keep</aspectratio>
					<colordiffuse>$INFO[Skin.String(color.500)]</colordiffuse>
				</control>
				<control type="label" id="1">
					<left>26</left>
					<top>-3</top>
					<width>49</width>
					<height>20</height>
					<align>center</align>
					<label>$INFO[VideoPlayer.AudioLanguage]</label>
					<textcolor>$INFO[Skin.String(color.500)]</textcolor>
					<font>secondary.info.small</font>
				</control>
			</control>
			<!--subtitle language (audio language visible)-->
			<control type="group" id="1">
				<width>78</width>
				<height>27</height>
				<visible>![String.IsEmpty(VideoPlayer.AudioLanguage) | String.IsEmpty(VideoPlayer.SubtitlesLanguage)]</visible>
				<control type="image" id="1">
					<width>78</width>
					<height>27</height>
					<texture>flags/base.png</texture>
					<colordiffuse>$INFO[Skin.String(color.500)]</colordiffuse>
				</control>
				<control type="image" id="1">
					<left>5</left>
					<top>4</top>
					<width>20</width>
					<height>20</height>
					<texture>OSDSubtitlesNF.png</texture>
					<aspectratio>keep</aspectratio>
				</control>
				<control type="label" id="1">
					<left>26</left>
					<top>-2</top>
					<width>49</width>
					<height>20</height>
					<align>center</align>
					<label>$INFO[VideoPlayer.SubtitlesLanguage]</label>
					<textcolor>white</textcolor>
					<font>secondary.info.small</font>
				</control>
			</control>
			<!--subtitle language (audio language not visible)-->
			<control type="group" id="1">
				<width>78</width>
				<height>27</height>
				<visible>String.IsEmpty(VideoPlayer.AudioLanguage) + !String.IsEmpty(VideoPlayer.SubtitlesLanguage)</visible>
				<control type="image" id="1">
					<width>78</width>
					<height>27</height>
					<texture flipx="true">flags/base 3.png</texture>
					<colordiffuse>$INFO[Skin.String(color.500)]</colordiffuse>
				</control>
				<control type="image" id="1">
					<left>5</left>
					<top>4</top>
					<width>20</width>
					<height>20</height>
					<texture>OSDSubtitlesNF.png</texture>
					<aspectratio>keep</aspectratio>
					<colordiffuse>$INFO[Skin.String(color.500)]</colordiffuse>
				</control>
				<control type="label" id="1">
					<left>26</left>
					<top>-2</top>
					<width>49</width>
					<height>20</height>
					<align>center</align>
					<label>$INFO[VideoPlayer.SubtitlesLanguage]</label>
					<textcolor>$INFO[Skin.String(color.500)]</textcolor>
					<font>secondary.info.small</font>
				</control>
			</control>
			<!--recording image-->
			<control type="group" id="1">
				<width>48</width>
				<height>48</height>
				<visible>VideoPlayer.Content(LiveTV) + PVR.IsRecordingPlayingChannel</visible>
				<control type="image" id="1">
					<top>-10</top>
					<width>48</width>
					<height>48</height>
					<texture colordiffuse="red">PVR-IsRecording.png</texture>
				</control>
			</control>
		</control>
	</include>
	<include name="VideoCodecFlaggingConditions">
		<control type="image">
			<description>Video rez Image</description>
			<width>82</width>
			<height>52</height>
			<aspectratio align="right">keep</aspectratio>
			<texture>$INFO[ListItem.VideoResolution,flagging/video/,.png]</texture>
		</control>
		<control type="image">
			<description>Codec Image</description>
			<width>120</width>
			<height>52</height>
			<aspectratio align="left">keep</aspectratio>
			<texture>$VAR[videocodec,flagging/video/,.png]</texture>
		</control>
	</include>
	<include name="VideoStereoscopicsFlaggingConditions">
		<control type="image">
			<description>Video stereoscopics flagging image</description>
			<width>82</width>
			<height>52</height>
			<aspectratio align="right">keep</aspectratio>
			<texture>flagging/video/3D.png</texture>
			<visible>ListItem.IsStereoscopic</visible>
		</control>
	</include>
	<include name="VideoTypeHackFlaggingConditions">
		<control type="image">
			<description>Video Type Image</description>
			<width>120</width>
			<height>52</height>
			<aspectratio align="left">keep</aspectratio>
			<texture>$VAR[typehackflagging,flagging/video/,.png]</texture>
			<visible>!Skin.HasSetting(HideFilenameFlagging)</visible>
		</control>
	</include>
	<include name="VideoMPAAFlaggingConditions">
		<control type="image">
			<description>Rating image</description>
			<width>120</width>
			<height>52</height>
			<aspectratio>keep</aspectratio>
			<texture>$VAR[rating,flagging/ratings/,.png]</texture>
		</control>
	</include>
	<include name="AudioCodecFlaggingConditions">
		<control type="image">
			<description>Audio Codec Image</description>
			<width>120</width>
			<height>52</height>
			<aspectratio align="right">keep</aspectratio>
			<texture>$INFO[ListItem.AudioCodec,flagging/audio/,.png]</texture>
		</control>
	</include>
	<include name="AudioChannelsFlaggingConditions">
		<control type="image">
			<description>Audio Codec Image</description>
			<width>82</width>
			<height>52</height>
			<aspectratio align="left">keep</aspectratio>
			<texture>$INFO[ListItem.AudioChannels,flagging/audio/,.png]</texture>
		</control>
	</include>
	<include name="AspectCodecFlaggingConditions">
		<control type="image">
			<description>Aspectratio Image</description>
			<width>82</width>
			<height>52</height>
			<aspectratio align="right">keep</aspectratio>
			<texture>$INFO[ListItem.VideoAspect,flagging/aspectratio/,.png]</texture>
		</control>
	</include>
</includes>