<?xml version="1.0" encoding="UTF-8"?>
<window>
	<defaultcontrol></defaultcontrol>
	<onload condition="System.HasAddon(script.artistslideshow) + !Skin.HasSetting(DisableArtistSlideshow)">RunScript(script.artistslideshow)</onload>
	<controls>
		<control type="group">
		<visible>String.IsEmpty(MusicPlayer.Property(Fanart_Image))</visible>
		<include>CommonBackground</include>
		</control>
		<control type="multiimage">
			<animation effect="fade" start="0" end="100" time="300">VisibleChange</animation>
			<animation effect="fade" start="100" end="75" condition="Control.IsVisible(2)">Conditional</animation>
			<left>0</left>
			<top>0</top>
			<width>100%</width>
			<height>100%</height>
			<imagepath background="true">$INFO[Window(Visualisation).Property(ArtistSlideshow)]</imagepath>
			<aspectratio>scale</aspectratio>
			<timeperimage>10000</timeperimage>
			<fadetime>2000</fadetime>
			<randomize>true</randomize>
			<visible>!String.IsEmpty(Window(Visualisation).Property(ArtistSlideshow.ArtworkReady)) + !Skin.HasSetting(HideVisualizationFanart) + !Skin.HasSetting(DisableArtistSlideshow)</visible>
		</control>
		<control type="image">
			<description>Fanart Image for Artist</description>
			<animation effect="fade" start="0" end="100" time="300">VisibleChange</animation>
			<animation effect="fade" start="100" end="75" condition="Control.IsVisible(2)">Conditional</animation>
			<left>0</left>
			<top>0</top>
			<width>100%</width>
			<height>100%</height>
			<texture background="true">$INFO[MusicPlayer.Property(Fanart_Image)]</texture>
			<aspectratio>scale</aspectratio>
			<colordiffuse>AAFFFFFF</colordiffuse>
			<visible>String.IsEmpty(Window(Visualisation).Property(ArtistSlideshow.ArtworkReady)) + !String.IsEmpty(MusicPlayer.Property(Fanart_Image)) + !Skin.HasSetting(HideVisualizationFanart)</visible>
			<fadetime>600</fadetime>
		</control>
		<!-- media infos -->
		<control type="group">
			<animation effect="fade" time="200">VisibleChange</animation>
			<visible>[Skin.HasSetting(AlwaysShowMusicInfo) | Player.ShowInfo | Window.IsActive(MusicOSD)] + ![Window.IsVisible(AddonSettings) | Window.IsVisible(SelectDialog) | Window.IsVisible(VisualisationPresetList) | Window.IsVisible(PVROSDChannels) | Window.IsVisible(PVRChannelGuide) | Window.IsVisible(PVRRadioRDSInfo) | Window.IsVisible(Addon)]</visible>
			<control type="group">
				<left>60</left>
				<top>283r</top>
				<width>1800</width>
				<!--background-->
				<control type="image" id="1">
					<top>40</top>
					<width>1800</width>
					<height>60</height>
					<texture colordiffuse="black">backgrounds/bg_fade.png</texture>
				</control>
				<control type="group">
					<left>10</left>
					<top>1</top>
					<control type="label" id="1">
						<visible>!VideoPlayer.Content(LiveTV)</visible>
						<description>header label</description>
						<left>0</left>
						<top>35</top>
						<width>1600</width>
						<height>60</height>
						<font>menu.title</font>
						<align>left</align>
						<aligny>center</aligny>
						<label>$INFO[Player.Title] [COLORwhite]| $INFO[MusicPlayer.Artist] | $INFO[MusicPlayer.Album][/COLOR]</label>
						<textcolor>$INFO[Skin.String(color.500)]</textcolor>
					</control>
					<control type="label" id="1">
						<visible>VideoPlayer.Content(LiveTV)</visible>
						<description>header label</description>
						<left>0</left>
						<top>35</top>
						<width>1600</width>
						<height>60</height>
						<font>menu.title</font>
						<align>left</align>
						<aligny>center</aligny>
						<label>[COLORwhite]$INFO[VideoPlayer.ChannelNumberLabel]. |[/COLOR] $INFO[VideoPlayer.ChannelName]</label>
						<textcolor>$INFO[Skin.String(color.500)]</textcolor>
					</control>
					<control type="grouplist">
						<left>110r</left>
						<top>38</top>
						<width>1365</width>
						<height>52</height>
						<itemgap>8</itemgap>
						<orientation>horizontal</orientation>
						<control type="group">
							<control type="image">
								<description>Audio Codec Image</description>
								<top>11</top>
								<width>100</width>
								<height>38</height>
								<aspectratio align="right">keep</aspectratio>
								<texture>$INFO[MusicPlayer.Codec,flags/audio/,.png]</texture>
							</control>
						</control>
					</control>
					<control type="label">
						<left>10</left>
						<top>120</top>
						<width>1790</width>
						<height>60</height>
						<label>$LOCALIZE[19031]: $INFO[MusicPlayer.offset(1).Artist,, - ]$INFO[MusicPlayer.offset(1).Title]</label>
						<align>center</align>
						<aligny>center</aligny>
						<font>secondary.info.small</font>
						<scroll>true</scroll>
					</control>
				</control>
				<!--progress-->
				<control type="group">
					<top>155r</top>
					<!--progress-->
					<control type="progress">
						<left>0</left>
						<top>0</top>
						<width>1800</width>
						<height>5</height>
						<info>Player.Progress</info>
					</control>
					<!--current time-->
					<control type="label">
						<left>10</left>
						<top>-8</top>
						<width>150</width>
						<height>60</height>
						<font>breadcrumb.secondary</font>
						<align>left</align>
						<aligny>center</aligny>
						<label>$INFO[Player.Time(hh:mm:ss)]</label>
					</control>
					<!--end time-->
					<control type="label">
						<left>1640</left>
						<top>-8</top>
						<width>150</width>
						<height>60</height>
						<font>breadcrumb.secondary</font>
						<align>right</align>
						<aligny>center</aligny>
						<label>$INFO[Player.Duration(hh:mm:ss)]</label>
					</control>
				</control>
			</control>
		</control>
	</controls>
</window>