<?xml version="1.0" encoding="UTF-8"?>
<window>
	<defaultcontrol always="true">50</defaultcontrol>
	<menucontrol>9000</menucontrol>
	<views>50</views>
	<controls>
		<include>CommonBackground</include>
		<include>PVRHeader</include>
		<include>Clock</include>
		<include>CommonPageCount</include>
		<control type="group">
			<include condition="String.IsEqual(Skin.AspectRatio,4:3)">TallListContainer</include>
			<include condition="!String.IsEqual(Skin.AspectRatio,4:3)">ShortListContainer</include>
			<centerleft>50%</centerleft>
			<width>1701</width>
			<include>Window_OpenClose_Animation</include>
			<description>Recordings group</description>
			<visible>Control.IsVisible(50)</visible>
			<include>VisibleFadeEffect</include>
			<control type="list" id="50">
				<include condition="String.IsEqual(Skin.AspectRatio,4:3)">TallListSlide</include>
				<include condition="!String.IsEqual(Skin.AspectRatio,4:3)">ShortListSlide</include>
				<width>1144</width>
				<onleft>102</onleft>
				<onright>72</onright>
				<onup>50</onup>
				<ondown>50</ondown>
				<viewtype label="535">list</viewtype>
				<pagecontrol>72</pagecontrol>
				<scrolltime>200</scrolltime>
				<itemlayout height="70" width="1144">
					<!--background-->
					<control type="image">
						<left>4</left>
						<top>5</top>
						<width>1140</width>
						<height>60</height>
						<texture colordiffuse="button.nf">backgrounds/white.png</texture>
					</control>
					<control type="group">
						<left>4</left>
						<top>5</top>
						<control type="image">
							<left>15</left>
							<top>8</top>
							<width>45</width>
							<height>45</height>
							<texture background="true" fallback="DefaultVideoCover.png">$INFO[ListItem.Icon]</texture>
							<aspectratio>keep</aspectratio>
						</control>
						<control type="label">
							<left>75</left>
							<top>0</top>
							<width>715</width>
							<height>60</height>
							<font>label</font>
							<textcolor>white</textcolor>
							<selectedcolor>$INFO[Skin.String(color.500)]</selectedcolor>
							<align>left</align>
							<aligny>center</aligny>
							<label>$INFO[ListItem.Label]</label>
						</control>
						<control type="label">
							<left>800</left>
							<top>0</top>
							<width>285</width>
							<height>60</height>
							<font>label</font>
							<textcolor>white</textcolor>
							<selectedcolor>$INFO[Skin.String(color.500)]</selectedcolor>
							<align>right</align>
							<aligny>center</aligny>
							<label>$INFO[ListItem.Date]</label>
						</control>
						<control type="image">
							<left>1095</left>
							<top>10</top>
							<width>45</width>
							<height>40</height>
							<texture>$INFO[ListItem.Overlay]</texture>
							<aspectratio>keep</aspectratio>
							<visible>!ListItem.IsResumable</visible>
						</control>
						<control type="image">
							<left>1095</left>
							<top>10</top>
							<width>45</width>
							<height>40</height>
							<texture>OverlayWatching.png</texture>
							<visible>ListItem.IsResumable</visible>
						</control>
					</control>
				</itemlayout>
				<focusedlayout height="70" width="1144">
					<!--focused bg-->
					<control type="image">
						<left>4</left>
						<top>5</top>
						<width>1140</width>
						<height>60</height>
						<texture colordiffuse="$INFO[Skin.String(color.tertiary)]">backgrounds/white.png</texture>
						<animation effect="fade" start="100" end="75" time="200" condition="!Control.HasFocus(50)">Conditional</animation>
					</control>
					<!--focused bg nib-->
					<control type="image">
						<left>0</left>
						<top>5</top>
						<width>4</width>
						<height>60</height>
						<texture colordiffuse="$INFO[Skin.String(color.500)]">backgrounds/white.png</texture>
						<animation effect="fade" start="100" end="75" time="200" condition="!Control.HasFocus(50)">Conditional</animation>
					</control>
					<control type="group">
						<left>4</left>
						<top>5</top>
						<control type="image">
							<left>15</left>
							<top>8</top>
							<width>45</width>
							<height>45</height>
							<texture background="true" fallback="DefaultVideoCover.png" colordiffuse="$INFO[Skin.String(color.500)]">$INFO[ListItem.Icon]</texture>
							<aspectratio>keep</aspectratio>
							<visible>String.Contains(ListItem.Icon,default)</visible>
						</control>
						<control type="image">
							<left>15</left>
							<top>8</top>
							<width>45</width>
							<height>45</height>
							<texture background="true" fallback="DefaultVideoCover.png">$INFO[ListItem.Icon]</texture>
							<aspectratio>keep</aspectratio>
							<visible>!String.Contains(ListItem.Icon,default)</visible>
						</control>
						<control type="label">
							<left>75</left>
							<top>0</top>
							<width>715</width>
							<height>60</height>
							<font>label</font>
							<textcolor>white</textcolor>
							<selectedcolor>$INFO[Skin.String(color.500)]</selectedcolor>
							<align>left</align>
							<aligny>center</aligny>
							<label>$INFO[ListItem.Label]</label>
						</control>
						<control type="label">
							<left>800</left>
							<top>0</top>
							<width>285</width>
							<height>60</height>
							<font>label</font>
							<textcolor>white</textcolor>
							<selectedcolor>$INFO[Skin.String(color.500)]</selectedcolor>
							<align>right</align>
							<aligny>center</aligny>
							<label>$INFO[ListItem.Date]</label>
						</control>
						<control type="image">
							<left>1095</left>
							<top>10</top>
							<width>45</width>
							<height>40</height>
							<texture colordiffuse="$INFO[Skin.String(color.500)]">$INFO[ListItem.Overlay]</texture>
							<aspectratio>keep</aspectratio>
							<visible>!ListItem.IsResumable</visible>
						</control>
						<control type="image">
							<left>1095</left>
							<top>10</top>
							<width>45</width>
							<height>40</height>
							<texture colordiffuse="$INFO[Skin.String(color.500)]">OverlayWatching.png</texture>
							<visible>ListItem.IsResumable</visible>
						</control>
					</control>
				</focusedlayout>
			</control>
			<!--scrollbar-->
			<control type="scrollbar" id="72">
				<left>1154</left>
				<top>5</top>
				<bottom>5</bottom>
				<onleft>50</onleft>
				<onright>102</onright>
				<orientation>vertical</orientation>
			</control>
			<!--recording info-->
			<control type="group">
				<left>1171</left>
				<centertop>50%</centertop>
				<height>730</height>
				<!--background-->
				<control type="image">
					<left>-20</left>
					<width>550</width>
					<height>730</height>
					<texture background="true" colordiffuse="$INFO[Skin.String(color.tertiary)]">backgrounds/info bg.png</texture>
				</control>
				<!--fanart (fallback)-->
				<control type="image">
					<left>0</left>
					<top>21</top>
					<width>510</width>
					<height>287</height>
					<aspectratio>keep</aspectratio>
					<texture background="true" colordiffuse="$INFO[Skin.String(color.500)]">$INFO[Container(50).ListItem.Icon]</texture>
					<visible>String.Contains(ListItem.Icon,default)</visible>
				</control>
				<!--fanart (no fallback)-->
				<control type="image">
					<left>0</left>
					<top>21</top>
					<width>510</width>
					<height>287</height>
					<aspectratio>keep</aspectratio>
					<texture background="true">$INFO[Container(50).ListItem.Icon]</texture>
					<bordertexture background="true" colordiffuse="$INFO[Skin.String(color.tertiary)]">backgrounds/white.png</bordertexture>
					<bordersize>0</bordersize>
					<visible>!String.Contains(ListItem.Icon,default)</visible>
				</control>
				<!--info strip background-->
				<control type="image">
					<left>0</left>
					<top>307</top>
					<width>510</width>
					<height>60</height>
					<texture background="true" colordiffuse="$INFO[Skin.String(color.500)]">backgrounds/white.png</texture>
				</control>
				<!--fanart shadow-->
				<control type="image">
					<left>0</left>
					<top>307</top>
					<width>510</width>
					<height>10</height>
					<texture>homeshadow.png</texture>
				</control>
				<!--secondary label-->
				<control type="label">
					<left>15</left>
					<top>307</top>
					<width>480</width>
					<height>60</height>
					<font>secondary.info.big</font>
					<textcolor>white</textcolor>
					<selectedcolor>white</selectedcolor>
					<align>left</align>
					<aligny>center</aligny>
					<label>$INFO[Container(50).ListItem.Label]$INFO[Container(50).ListItem.Duration, • ]$INFO[Container(50).ListItem.Genre, • ,]</label>
				</control>
				<!--plot-->
				<control type="textbox">
					<left>15</left>
					<top>374</top>
					<width>480</width>
					<height>268</height>
					<font>label</font>
					<align>left</align>
					<textcolor>white</textcolor>
					<label>$INFO[Container(50).ListItem.Plot]</label>
					<autoscroll time="2000" delay="5000" repeat="8000">Skin.HasSetting(AutoScroll)</autoscroll>
				</control>
				<!--info strip shadow-->
				<control type="image">
					<left>0</left>
					<top>367</top>
					<width>510</width>
					<height>10</height>
					<texture>homeshadow.png</texture>
				</control>
				<control type="label">
					<description>Disk usage text</description>
					<left>15</left>
					<top>645</top>
					<width>480</width>
					<height>30</height>
					<label>$INFO[PVR.backenddiskspace]</label>
					<align>center</align>
					<aligny>center</aligny>
					<font>kai.secondary</font>
					<visible>!Integer.IsGreater(PVR.backenddiskspaceprogr,100)</visible>
				</control>
				<control type="progress">
					<description>Disk usage bar</description>
					<left>15</left>
					<top>675</top>
					<width>480</width>
					<height>18</height>>
					<info>PVR.backenddiskspaceprogr</info>
					<visible>!Integer.IsGreater(PVR.backenddiskspaceprogr,100)</visible>
				</control>
			</control>
		</control>
		<include>CommonNowPlaying</include>
		<include>BehindDialogFadeOut</include>
		<include>ScrollOffsetLabel</include>
		<control type="image">
			<left>0</left>
			<top>0</top>
			<width>100%</width>
			<height>100%</height>
			<texture>black-back.png</texture>
			<animation effect="fade" time="400">Visible</animation>
			<animation effect="fade" time="200">Hidden</animation>
			<visible>Window.IsActive(FileBrowser) | Window.IsActive(PVRGuideInfo) | Window.IsActive(PVRRecordingInfo) | Window.IsActive(PVRTimerSetting) | Window.IsActive(PVRGroupManager) | Window.IsActive(PVRGuideSearch)</visible>
		</control>
		<include>PVRSideBlade</include>
	</controls>
</window>
