<?xml version="1.0" encoding="UTF-8"?>
<window>
	<defaultcontrol always="true">300</defaultcontrol>
	<controls>
	
		<control type="group">
			<include>CommonBackground</include>
		</control>
	
		<control type="image">
			<left>60</left>
			<top>60</top>
			<width>360</width>
			<height>60</height>
			<texture colordiffuse="black">backgrounds/bg_fade.png</texture>
		</control>
		<control type="image">
			<left>70</left>
			<top>60</top>
			<width>60</width>
			<height>60</height>
			<aspectratio>keep</aspectratio>
			<texture>$INFO[Weather.ConditionsIcon]</texture>
		</control>
		<control type="label">
			<left>140</left>
			<top>60</top>
			<width>100</width>
			<height>60</height>
			<align>left</align>
			<aligny>center</aligny>
			<font>menu.title</font>
			<textcolor>$INFO[Skin.String(color.500)]</textcolor>
			<label>[B]$INFO[Window(Weather).Property(Current.Temperature)][/B] $INFO[System.TemperatureUnits]</label>
		</control>
		<control type="label">
			<left>240</left>
			<top>60</top>
			<width>170</width>
			<height>60</height>
			<align>left</align>
			<aligny>center</aligny>
			<font>breadcrumb.secondary</font>
			<textcolor>white</textcolor>
			<label>$INFO[Window(Weather).Property(Current.Condition),]</label>
			<scroll>true</scroll>
		</control>
		<control type="image">
			<right>60</right>
			<top>60</top>
			<width>360</width>
			<height>60</height>
			<texture colordiffuse="black">backgrounds/bg_fade.png</texture>
		</control>
		<control type="label">
			<right>130</right>
			<top>60</top>
			<width>200</width>
			<height>60</height>
			<align>right</align>
			<aligny>center</aligny>
			<font>menu.title</font>
			<textcolor>$INFO[Skin.String(color.500)]</textcolor>
			<label>$INFO[System.Time(hh:mm)]</label>
		</control>
		<control type="label">
			<right>60</right>
			<top>60</top>
			<width>70</width>
			<height>60</height>
			<align>left</align>
			<aligny>center</aligny>
			<font>menu.title</font>
			<textcolor>$INFO[Skin.String(color.500)]</textcolor>
			<label>:$INFO[System.Time(ss)]</label>
		</control>
		<control type="label">
			<right>260</right>
			<top>60</top>
			<width>300</width>
			<height>60</height>
			<align>right</align>
			<aligny>center</aligny>
			<font>breadcrumb.secondary</font>
			<textcolor>white</textcolor>
			<label>$INFO[System.Date(dd:mm:yyyy]</label>
		</control>
		
		<control type="group">
		<visible>!Skin.HasSetting(Playerinfo)</visible>
		<control type="group">
			<visible>VideoPlayer.Content(Movies)</visible>
			<control type="label">
				<left>60</left>
				<right>550</right>
				<top>210r</top>
				<height>45</height>
				<align>left</align>
				<aligny>center</aligny>
				<font>breadcrumb</font>
				<textcolor>$INFO[Skin.String(color.500)]</textcolor>
				<shadowcolor>black</shadowcolor>
				<label>$INFO[Player.Title]</label>
			</control>
			<control type="label">
				<left>60</left>
				<right>550</right>
				<top>180r</top>
				<height>38</height>
				<align>left</align>
				<aligny>center</aligny>
				<font>breadcrumb.secondary</font>
				<textcolor>white</textcolor>
				<label>$INFO[VideoPlayer.Studio]</label>
				<scroll>true</scroll>
			</control>
			<control type="label">
				<left>60</left>
				<right>60</right>
				<top>160r</top>
				<height>45</height>
				<align>left</align>
				<aligny>center</aligny>
				<font>breadcrumb.secondary</font>
				<textcolor>white</textcolor>
				<label>$INFO[Player.Time] / $INFO[Player.Duration,]</label>
			</control>
		</control>
		<control type="group">
			<visible>VideoPlayer.Content(Episodes)</visible>
			<control type="label">
				<left>60</left>
				<right>550</right>
				<top>210r</top>
				<height>45</height>
				<align>left</align>
				<aligny>center</aligny>
				<font>breadcrumb</font>
				<textcolor>$INFO[Skin.String(color.500)]</textcolor>
				<shadowcolor>black</shadowcolor>
				<label>$INFO[Player.Title]</label>
			</control>
			<control type="label">
				<left>60</left>
				<right>550</right>
				<top>180r</top>
				<height>38</height>
				<align>left</align>
				<aligny>center</aligny>
				<font>breadcrumb.secondary</font>
				<textcolor>white</textcolor>
				<label>$INFO[VideoPlayer.TVShowTitle] ($INFO[VideoPlayer.Season,$LOCALIZE[20373] , - ]$INFO[VideoPlayer.episode,$LOCALIZE[20359] ,])</label>
				<scroll>true</scroll>
			</control>
			<control type="label">
				<left>60</left>
				<right>60</right>
				<top>160r</top>
				<height>45</height>
				<align>left</align>
				<aligny>center</aligny>
				<font>breadcrumb.secondary</font>
				<textcolor>white</textcolor>
				<label>$INFO[Player.Time] / $INFO[Player.Duration,]</label>
			</control>
		</control>
		<control type="group">
			<visible>!VideoPlayer.Content(Movies) + !VideoPlayer.Content(Episodes) + !VideoPlayer.Content(LiveTV)</visible>
			<control type="label">
			<visible>Player.HasVideo</visible>
				<left>60</left>
				<right>550</right>
				<top>190r</top>
				<height>45</height>
				<align>left</align>
				<aligny>center</aligny>
				<font>breadcrumb</font>
				<textcolor>$INFO[Skin.String(color.500)]</textcolor>
				<shadowcolor>black</shadowcolor>
				<label>$INFO[Player.Title]</label>
			</control>
			<control type="label">
			<visible>Player.HasVideo</visible>
				<left>60</left>
				<right>550</right>
				<top>160r</top>
				<height>45</height>
				<align>left</align>
				<aligny>center</aligny>
				<font>breadcrumb.secondary</font>
				<textcolor>white</textcolor>
				<label>$INFO[Player.Time] / $INFO[Player.Duration,]</label>
			</control>
		</control>
		<control type="group">
			<visible>VideoPlayer.Content(LiveTV)</visible>
			<control type="label">
				<left>60</left>
				<right>550</right>
				<top>180r</top>
				<height>38</height>
				<align>left</align>
				<aligny>center</aligny>
				<font>breadcrumb</font>
				<textcolor>$INFO[Skin.String(color.500)]</textcolor>
				<shadowcolor>black</shadowcolor>
				<label>[COLORwhite]$INFO[VideoPlayer.ChannelName][/COLOR] $INFO[Player.Title]</label>
			</control>
			<control type="label">
				<left>60</left>
				<right>60</right>
				<top>160r</top>
				<height>45</height>
				<align>left</align>
				<aligny>center</aligny>
				<font>breadcrumb.secondary</font>
				<textcolor>white</textcolor>
				<label>$INFO[Player.Time] / $INFO[Player.Duration,]</label>
			</control>
		</control>
		<control type="group">
			<visible>Player.HasAudio + String.IsEmpty(Window(Videos).Property(PlayingBackgroundMedia))</visible>
			<control type="label">
				<left>60</left>
				<right>550</right>
				<top>210r</top>
				<height>45</height>
				<align>left</align>
				<aligny>center</aligny>
				<font>breadcrumb</font>
				<textcolor>$INFO[Skin.String(color.500)]</textcolor>
				<shadowcolor>black</shadowcolor>
				<label>$INFO[Player.Title]</label>
			</control>
			<control type="label">
				<left>60</left>
				<right>550</right>
				<top>180r</top>
				<height>38</height>
				<align>left</align>
				<aligny>center</aligny>
				<font>breadcrumb.secondary</font>
				<textcolor>white</textcolor>
				<label>$INFO[MusicPlayer.Artist] - $INFO[MusicPlayer.Album]$INFO[musicplayer.discnumber, - $LOCALIZE[427]: ]</label>
			</control>
			<control type="label">
				<left>60</left>
				<right>550</right>
				<top>160r</top>
				<height>45</height>
				<align>left</align>
				<aligny>center</aligny>
				<font>breadcrumb.secondary</font>
				<textcolor>white</textcolor>
				<shadowcolor>button.nf</shadowcolor>
				<label>$INFO[Player.Time] / $INFO[Player.Duration,]</label>
			</control>
		</control>
		</control>
		
		<control type="group">
			<visible>Skin.HasSetting(Touchmode)</visible>
			<control type="image">
				<left>60</left>
				<top>115r</top>
				<width>60</width>
				<height>60</height>
				<texture colordiffuse="black">backgrounds/bg_fade.png</texture>
			</control>
			<control type="button">
				<description>Back push button</description>
				<left>55</left>
				<top>120r</top>
				<width>70</width>
				<height>70</height>
				<label></label>
				<font/>
				<onclick>back</onclick>
				<texturefocus colordiffuse="$INFO[Skin.String(color.500)]">icons/back.png</texturefocus>
				<texturenofocus colordiffuse="white">icons/back.png</texturenofocus>
				<onleft></onleft>
				<onright></onright>
				<onup></onup>
				<ondown></ondown>
			</control>
			<control type="image">
				<right>60</right>
				<top>115r</top>
				<width>60</width>
				<height>60</height>
				<texture colordiffuse="black">backgrounds/bg_fade.png</texture>
			</control>
			<control type="button">
				<description>Home push button</description>
				<right>55</right>
				<top>120r</top>
				<width>70</width>
				<height>70</height>
				<label></label>
				<font/>
				<onclick>ActivateWindow(home)</onclick>
				<texturefocus colordiffuse="$INFO[Skin.String(color.500)]">icons/home.png</texturefocus>
				<texturenofocus colordiffuse="white">icons/home.png</texturenofocus>
				<onleft></onleft>
				<onright></onright>
				<onup></onup>
				<ondown></ondown>
			</control>
		</control>
		
		<!--all content-->
		<control type="group">
			<left>60</left>
			<centertop>50%</centertop>
			<width>1800</width>
			<height>783</height>
			<control type="image">
				<left>0</left>
				<top>0</top>
				<width>1800</width>
				<height>650</height>
				<texture colordiffuse="black">backgrounds/bg_fade.png</texture>
			</control>
			<control type="image">
				<left>0</left>
				<top>0</top>
				<width>375</width>
				<height>650</height>
				<texture colordiffuse="black">backgrounds/bg_fade.png</texture>
			</control>
			
			<control type="image">
				<left>0</left>
				<top>655</top>
				<width>1800</width>
				<height>120</height>
				<texture colordiffuse="black">backgrounds/bg_fade.png</texture>
			</control>
			
			<!--main content-->
			<control type="group">
				<!--title-->
				<control type="label" id="500">
					<left>0</left>
					<top>5</top>
					<width>1800</width>
					<height>60</height>
					<font>info.title</font>
					<align>center</align>
					<aligny>center</aligny>
					<textcolor>$INFO[Skin.String(color.500)]</textcolor>
					<label></label>
				</control>
				<control type="group">
					<left>10</left>
					<top>105</top>
					<!--shortcuts-->
					<control type="list" id="211">
						<width>355</width>
						<height>540</height>
						<itemgap>5</itemgap>
						<pagecontrol>31</pagecontrol>
						<onleft>304</onleft>
						<onright>300</onright>
						<onup>211</onup>
						<ondown>308</ondown>
						<itemlayout width="585" height="60">
							<control type="label">
								<left>120</left>
								<width>250</width>
								<aligny>center</aligny>
								<textcolor>white</textcolor>
								<label>$INFO[ListItem.Label]</label>
							</control>
						</itemlayout>
						<focusedlayout width="585" height="60">
							<control type="image">
								<height>60</height>
								<width>585</width>
								<texture colordiffuse="$INFO[Skin.String(color.500)]">backgrounds/white.png</texture>
								<animation effect="fade" start="100" end="30" time="100" condition="![Control.HasFocus(211) | Control.HasFocus(302) | Control.HasFocus(303) | Control.HasFocus(304)]">Conditional</animation>
							</control>
							<control type="label">
								<left>120</left>
								<width>455</width>
								<aligny>center</aligny>
								<label>$INFO[ListItem.Label]</label>
								<textcolor>white</textcolor>
							</control>
						</focusedlayout>
					</control>
					<!--inline controls-->
					<control type="group" id="1000">
						<animation effect="slide" end="0,60" time="0" condition="Container(211).Row(1)">Conditional</animation>
						<animation effect="slide" end="0,120" time="0" condition="Container(211).Row(2)">Conditional</animation>
						<animation effect="slide" end="0,180" time="0" condition="Container(211).Row(3)">Conditional</animation>
						<animation effect="slide" end="0,240" time="0" condition="Container(211).Row(4)">Conditional</animation>
						<animation effect="slide" end="0,300" time="0" condition="Container(211).Row(5)">Conditional</animation>
						<animation effect="slide" end="0,360" time="0" condition="Container(211).Row(6)">Conditional</animation>
						<animation effect="slide" end="0,420" time="0" condition="Container(211).Row(7)">Conditional</animation>
						<animation effect="slide" end="0,480" time="0" condition="Container(211).Row(8)">Conditional</animation>
						<animation effect="slide" end="0,540" time="0" condition="Container(211).Row(9)">Conditional</animation>
						<animation effect="slide" end="0,600" time="0" condition="Container(211).Row(10)">Conditional</animation>
						<animation effect="slide" end="0,660" time="0" condition="Container(211).Row(11)">Conditional</animation>
						<animation effect="slide" end="0,720" time="0" condition="Container(211).Row(12)">Conditional</animation>
						<animation effect="slide" end="0,780" time="0" condition="Container(211).Row(13)">Conditional</animation>
						<animation effect="slide" end="0,840" time="0" condition="Container(211).Row(14)">Conditional</animation>
						<animation effect="slide" end="0,900" time="0" condition="Container(211).Row(15)">Conditional</animation>
						<animation effect="slide" end="0,960" time="0" condition="Container(211).Row(16)">Conditional</animation>
						<animation effect="slide" end="0,1020" time="0" condition="Container(211).Row(17)">Conditional</animation>
						<animation effect="slide" end="0,1080" time="0" condition="Container(211).Row(18)">Conditional</animation>
						<animation effect="slide" end="0,1140" time="0" condition="Container(211).Row(19)">Conditional</animation>
						<animation effect="slide" end="0,1200" time="0" condition="Container(211).Row(20)">Conditional</animation>
						<!--move up-->
						<control type="button" id="303">
							<width>32</width>
							<height>36</height>
							<left>40</left>
							<top>12</top>
							<label></label>
							<onup>211</onup>
							<onleft>302</onleft>
							<onright>304</onright>
							<ondown>211</ondown>
							<texturefocus colordiffuse="black">scroll-up-2.png</texturefocus>
							<texturenofocus colordiffuse="white">scroll-up-2.png</texturenofocus>
						</control>
						<!--move down-->
						<control type="button" id="304">
							<width>32</width>
							<height>36</height>
							<left>72</left>
							<top>12</top>
							<label></label>
							<onup>211</onup>
							<onleft>303</onleft>
							<onright>211</onright>
							<ondown>211</ondown>
							<texturefocus colordiffuse="black">scroll-down-2.png</texturefocus>
							<texturenofocus colordiffuse="white">scroll-down-2.png</texturenofocus>
						</control>
						<!--remove-->
						<control type="button" id="302">
							<width>32</width>
							<height>36</height>
							<left>5</left>
							<top>12</top>
							<label></label>
							<onup>211</onup>
							<onleft>31</onleft>
							<onright>303</onright>
							<ondown>211</ondown>
							<texturefocus colordiffuse="black">discardbutton.png</texturefocus>
							<texturenofocus colordiffuse="white">discardbutton.png</texturenofocus>
						</control>
					</control>
					<!--scrollbar-->
					<control type="scrollbar" id="31">
						<left>-22</left>
						<top>0</top>
						<height>540</height>
						<onleft>300</onleft>
						<onright>302</onright>
					</control>
					<!---control area-->
					<control type="grouplist" id="300">
						<left>375</left>
						<width>1405</width>
						<height>780</height>
						<onleft>211</onleft>
						<onright>211</onright>
						<onup>300</onup>
						<ondown>10</ondown>
						<itemgap>0</itemgap>
						<!--change shortcut-->
						<control type="button" id="401">
							<width>1405</width>
							<label>$ADDON[script.skinshortcuts 32048]</label>
						</control>
						<!--change label-->
						<control type="button" id="305">
							<width>1405</width>
							<label>$ADDON[script.skinshortcuts 32025]</label>
							<label2>$INFO[Container(211).ListItem.Label]</label2>
						</control>
						<!--change action-->
						<control type="button" id="307">
							<width>1405</width>
							<label>$ADDON[script.skinshortcuts 32027]</label>
							<label2>$INFO[Container(211).ListItem.Property(displaypath)]</label2>
						</control>
						<!--change widget-->
						<control type="button" id="312">
							<width>1405</width>
							<label>$ADDON[script.skinshortcuts 32044]</label>
							<label2>$INFO[Container(211).ListItem.Property(widgetName)]</label2>
							<visible>String.IsEqual(Window.Property(groupname), mainmenu)</visible>
						</control>
						<!--edit sub-menu-->
						<control type="button" id="405">
							<width>1405</width>
							<label>$ADDON[script.skinshortcuts 32072]</label>
							<visible>String.IsEqual(Window.Property("groupname"),mainmenu)</visible>
						</control>
						<!--enable/disable item-->
						<control type="radiobutton" id="313">
							<width>1405</width>
							<selected>String.IsEqual(Container(211).ListItem.Property(skinshortcuts-disabled),True)</selected>
							<label>$LOCALIZE[24021]</label>
						</control>
						<!--add item-->
						<control type="button" id="301">
							<width>1405</width>
							<label>$ADDON[script.skinshortcuts 32000]</label>
						</control>
					</control>
				</control>
				<!--bottom buttons-->
				<control type="grouplist" id="9001">
					<centerleft>50%</centerleft>
					<top>100r</top>
					<width>1390</width>
					<height>60</height>
					<align>justify</align>
					<orientation>horizontal</orientation>
					<onleft>9001</onleft>
					<onright>9001</onright>
					<onup>301</onup>
					<ondown>401</ondown>
					<!--reset button-->
					<include content="AnimatedCircleButtonGroup">
						<param name="button-id" value="308" />
						<param name="button-width" value="275" />
						<param name="button-texture" value="refreshbutton" />
						<param name="button-label" value="$ADDON[script.skinshortcuts 32028]" />
						<param name="button-onup" value="211" />
						<param name="button-ondown" value="211" />
						<param name="button-onleft" value="10" />
						<param name="button-onright" value="10" />
					</include>
					<!--ok button-->
					<include content="AnimatedCircleButtonGroup">
						<param name="button-id" value="10" />
						<param name="button-width" value="130" />
						<param name="button-texture" value="yesbutton" />
						<param name="button-label" value="186" />
						<param name="button-onclick" value="Close" />
						<param name="button-onup" value="301" />
						<param name="button-ondown" value="401" />
						<param name="button-onleft" value="308" />
						<param name="button-onright" value="308" />
					</include>
				</control>
			</control>
		</control>
		<include>BehindDialogFadeOut</include>
	</controls>
</window>
