<?xml version="1.0" encoding="UTF-8"?>
<window id="1102">
	<defaultcontrol always="true">3031</defaultcontrol>
	<controls>
		<!--all content-->
		<control type="group">
			<centerleft>50%</centerleft>
			<width>1390</width>
			<animation effect="slide" start="2015,0" end="0,0" time="400" tween="quadratic" easing="out">WindowOpen</animation>
			<animation effect="slide" start="0,0" end="-2015,0" time="400" tween="quadratic" easing="out" condition="!Window.IsActive(1101)">WindowClose</animation>
			<animation effect="slide" start="0,0" end="2015,0" time="400" tween="quadratic" easing="out" condition="Window.IsActive(1101)">WindowClose</animation>
			<animation effect="slide" start="0,0" end="-125,0" time="300" condition="Window.IsActive(ShutdownMenu) + !String.IsEqual(Skin.AspectRatio,21:9)">Conditional</animation>
			<!--title bars and backgrounds-->
			<include content="DynamicDialogBackground">
				<param name="dialog-width" value="1390" />
				<param name="glow-width" value="1470" />
				<param name="sidebar-visible" value="true" />
				<param name="sidebar-width" value="320" />
				<param name="buttonbar-visible" value="true" />
				<param name="buttonbar-height" value="70" />
			</include>
			<!--close window button-->
			<control type="button">
				<left>5</left>
				<top>0</top>
				<width>50</width>
				<height>25</height>
				<label></label>
				<font></font>
				<onclick>PreviousMenu</onclick>
				<texturefocus>DialogCloseButton-focus.png</texturefocus>
				<texturenofocus>DialogCloseButton.png</texturenofocus>
				<onleft>2</onleft>
				<onright>13</onright>
				<onup>13</onup>
				<ondown>2</ondown>
				<visible>system.getbool(input.enablemouse)</visible>
			</control>
			<!--header-->
			<control type="label">
				<left>45</left>
				<top>25</top>
				<width>1300</width>
				<height>60</height>
				<font>info.title</font>
				<align>left</align>
				<aligny>center</aligny>
				<textcolor>white</textcolor>
				<label>$ADDON[script.skin.helper.colorpicker 32011]</label>
			</control>
			<!--subheader options-->
			<control type="grouplist" id="3031">
				<top>120</top>
				<left>10</left>
				<width>300</width>
				<itemgap>0</itemgap>
				<onleft>60</onleft>
				<onright>3110</onright>
				<onup>3032</onup>
				<ondown>3032</ondown>
				<!--color palette-->
				<control type="button" id="3030">
					<visible>!IsEmpty(Window.Property(palettename))</visible>
					<width>320</width>
					<label>$ADDON[script.skin.helper.colorpicker 32141]</label>
					<align>center</align>
					<texturefocus colordiffuse="white">backgrounds/white.png</texturefocus>
					<textcolor>white</textcolor>
					<focusedcolor>$INFO[Skin.String(color.900)]</focusedcolor>
					<include>ButtonCommonValues</include>
				</control>
				<!-- edit manual -->
				<control type="button" id="3010">
					<width>320</width>
					<label>$ADDON[script.skin.helper.colorpicker 32012] $INFO[Window.Property(colorstring)]</label>
					<align>center</align>
					<texturefocus colordiffuse="white">backgrounds/white.png</texturefocus>
					<textcolor>white</textcolor>
					<focusedcolor>$INFO[Skin.String(color.900)]</focusedcolor>
					<include>ButtonCommonValues</include>
				</control>
				<!-- label opacity-->
				<control type="group" id="3016">
					<width>320</width>
					<height>70</height>
					<control type="label">
						<width>320</width>
						<height>60</height>
						<font>button</font>
						<align>center</align>
						<aligny>center</aligny>
						<label>$ADDON[script.skin.helper.colorpicker 32049]: $INFO[Control.Getlabel(3015)]</label>
						<visible>!Control.HasFocus(3015)</visible>
					</control>
					<control type="image">
						<width>320</width>
						<height>60</height>
						<texture colordiffuse="white">backgrounds/white.png</texture>
						<visible>Control.HasFocus(3015)</visible>
					</control>
					<control type="label">
						<width>320</width>
						<height>60</height>
						<font>button</font>
						<textcolor>$INFO[Skin.String(color.900)]</textcolor>
						<align>center</align>
						<aligny>center</aligny>
						<label>$ADDON[script.skin.helper.colorpicker 32049]: $INFO[Control.Getlabel(3015)]</label>
						<visible>Control.HasFocus(3015)</visible>
					</control>
				</control>
				<control type="slider" id="3015">
					<!-- opacity slider -->
					<height>30</height>
					<width>300</width>
					<texturefocus></texturefocus>
					<texturenofocus></texturenofocus>
					<texturesliderbar colordiffuse="white">osd_slider_bg_3.png</texturesliderbar>
					<textureslidernib colordiffuse="$INFO[Skin.String(color.500)]">osd_slider_nibNF.png</textureslidernib>
					<textureslidernibfocus colordiffuse="$INFO[Skin.String(color.500)]">osd_slider_nib.png</textureslidernibfocus>
				</control>
			</control>
			<!-- color preview-->
			<control type="image">
				<top>380</top>
				<left>70</left>
				<width>200</width>
				<height>200</height>
				<texture>backgrounds/white.png</texture>
				<colordiffuse>$INFO[Window.Property(colorstring)]</colordiffuse>
			</control>
			<!--scrollbar-->
			<control type="scrollbar" id="60">
				<left>1395</left>
				<top>120</top>
				<height>880</height>
				<onleft>3110</onleft>
				<onright>3031</onright>
			</control>
			<!-- color picker panel -->
			<control type="panel" id="3110">
				<viewtype label="536">icon</viewtype>
				<left>395</left>
				<top>160</top>
				<width>928</width>
				<height>810</height>
				<orientation>vertical</orientation>
				<onleft>3031</onleft>
				<onright>60</onright>
				<onup>3032</onup>
				<ondown>3032</ondown>
				<preloaditems>4</preloaditems>
				<pagecontrol>60</pagecontrol>
				<itemlayout height="45" width="58" condition="!StringCompare(Window.Property(palettename),basic) + !StringCompare(Window.Property(palettename),material-design)">
					<control type="image">
						<width>92%</width>
						<height>92%</height>
						<texture border="5">$INFO[ListItem.Icon]</texture>
					</control>
				</itemlayout>
				<focusedlayout height="45" width="58" condition="!StringCompare(Window.Property(palettename),basic) + !StringCompare(Window.Property(palettename),material-design)">
					<control type="group">
						<animation effect="zoom" time="200" tween="sine" easing="inout" start="100" end="300" center="auto">Focus</animation>
						<control type="image">
							<width>92%</width>
							<height>92%</height>
							<texture border="5">$INFO[ListItem.Icon]</texture>
						</control>
					</control>
				</focusedlayout>
				<itemlayout height="76" width="128" condition="StringCompare(Window.Property(palettename),basic)">
					<control type="image">
						<width>92%</width>
						<height>92%</height>
						<texture border="5">$INFO[ListItem.Icon]</texture>
					</control>
				</itemlayout>
				<focusedlayout height="76" width="128" condition="StringCompare(Window.Property(palettename),basic)">
					<control type="group">
						<animation effect="zoom" time="200" tween="sine" easing="inout" start="100" end="164" center="auto">Focus</animation>
						<control type="image">
							<width>92%</width>
							<height>92%</height>
							<texture border="5">$INFO[ListItem.Icon]</texture>
						</control>
					</control>
				</focusedlayout>
				<itemlayout height="40" width="125" condition="StringCompare(Window.Property(palettename),material-design)">
					<control type="image">
						<width>92%</width>
						<height>92%</height>
						<texture border="5">$INFO[ListItem.Icon]</texture>
					</control>
				</itemlayout>
				<focusedlayout height="40" width="125" condition="StringCompare(Window.Property(palettename),material-design)">
					<control type="group">
						<animation effect="zoom" time="200" tween="sine" easing="inout" start="100" end="164" center="auto">Focus</animation>
						<control type="image">
							<width>92%</width>
							<height>92%</height>
							<texture border="5">$INFO[ListItem.Icon]</texture>
						</control>
					</control>
				</focusedlayout>
			</control>
			<control type="grouplist" id="3032">
				<top>65r</top>
				<centerleft>50%</centerleft>
				<width>800</width>
				<height>60</height>
				<align>justify</align>
				<orientation>horizontal</orientation>
				<!-- Save button -->
				<include content="AnimatedCircleButtonGroup">
					<param name="button-id" value="3012" />
					<param name="button-width" value="115" />
					<param name="button-texture" value="yesbutton" />
					<param name="button-label" value="190" />
					<param name="button-onup" value="3110" />
					<param name="button-ondown" value="3110" />
					<param name="button-onleft" value="3013" />
					<param name="button-onright" value="3013" />
				</include>
				<!--cancel button-->
				<include content="AnimatedCircleButtonGroup">
					<param name="button-id" value="3013" />
					<param name="button-width" value="160" />
					<param name="button-texture" value="nobutton" />
					<param name="button-label" value="222" />
					<param name="button-onclick" value="Close" />
					<param name="button-onup" value="3110" />
					<param name="button-ondown" value="3110" />
					<param name="button-onleft" value="3012" />
					<param name="button-onright" value="3012" />
				</include>
			</control>
		</control>
	</controls>
</window>
