<?xml version="1.0" encoding="UTF-8"?>
<window>
	<defaultcontrol always="true">95</defaultcontrol>
	<controls>
		<include>CommonBackground</include>
		
		<control type="group">
			<visible>!Skin.HasSetting(Weatherinfo) + !String.IsEmpty(Weather.Plugin)</visible>
			<control type="image">
				<left>60</left>
				<top>60</top>
				<width>360</width>
				<height>60</height>
				<texture colordiffuse="black">backgrounds/bg_fade.png</texture>
			</control>
			<control type="image">
				<left>70</left>
				<top>60</top>
				<width>60</width>
				<height>60</height>
				<aspectratio>keep</aspectratio>
				<texture>$INFO[Weather.ConditionsIcon]</texture>
			</control>
			<control type="label">
				<left>140</left>
				<top>60</top>
				<width>100</width>
				<height>60</height>
				<align>left</align>
				<aligny>center</aligny>
				<font>menu.title</font>
				<textcolor>$INFO[Skin.String(color.500)]</textcolor>
				<label>[B]$INFO[Window(Weather).Property(Current.Temperature)][/B] $INFO[System.TemperatureUnits]</label>
			</control>
			<control type="label">
				<left>210</left>
				<top>60</top>
				<width>200</width>
				<height>60</height>
				<align>left</align>
				<aligny>center</aligny>
				<font>breadcrumb.secondary</font>
				<textcolor>white</textcolor>
				<label>$INFO[Window(Weather).Property(Current.Condition),]</label>
				<scroll>true</scroll>
			</control>
		</control>
		
		<control type="group">
		<visible>!Skin.HasSetting(Clock)</visible>
			<control type="image">
				<right>60</right>
				<top>60</top>
				<width>360</width>
				<height>60</height>
				<texture colordiffuse="black">backgrounds/bg_fade.png</texture>
			</control>
			<control type="label">
				<right>130</right>
				<top>60</top>
				<width>200</width>
				<height>60</height>
				<align>right</align>
				<aligny>center</aligny>
				<font>menu.title</font>
				<textcolor>$INFO[Skin.String(color.500)]</textcolor>
				<label>$INFO[System.Time(hh:mm)]</label>
			</control>
			<control type="label">
				<right>60</right>
				<top>60</top>
				<width>70</width>
				<height>60</height>
				<align>left</align>
				<aligny>center</aligny>
				<font>menu.title</font>
				<textcolor>$INFO[Skin.String(color.500)]</textcolor>
				<label>:$INFO[System.Time(ss)]</label>
			</control>
			<control type="label">
				<right>260</right>
				<top>60</top>
				<width>300</width>
				<height>60</height>
				<align>right</align>
				<aligny>center</aligny>
				<font>breadcrumb.secondary</font>
				<textcolor>white</textcolor>
				<label>$INFO[System.Date(dd:mm:yyyy]</label>
			</control>
		</control>
			
		<control type="group">
			<visible>!Skin.HasSetting(Playerinfo)</visible>
			<control type="group">
				<visible>VideoPlayer.Content(Movies)</visible>
				<control type="image">
					<left>60</left>
					<top>220r</top>
					<width>805</width>
					<height>92</height>
					<texture colordiffuse="black">backgrounds/bg_fade.png</texture>
				</control>
				<control type="image">
					<left>50</left>
					<top>210r</top>
					<width>70</width>
					<height>70</height>
					<texture>osd/play.png</texture>
				</control>
				<control type="label">
					<left>115</left>
					<width>505</width>
					<top>210r</top>
					<height>45</height>
					<align>left</align>
					<aligny>center</aligny>
					<font>breadcrumb</font>
					<textcolor>$INFO[Skin.String(color.500)]</textcolor>
					<shadowcolor>black</shadowcolor>
					<label>$INFO[Player.Title]</label>
					<scroll>true</scroll>
				</control>
				<control type="label">
					<left>115</left>
					<width>735</width>
					<top>175r</top>
					<height>38</height>
					<align>left</align>
					<aligny>center</aligny>
					<font>breadcrumb.secondary</font>
					<textcolor>white</textcolor>
					<label>$INFO[VideoPlayer.Studio]</label>
					<scroll>true</scroll>
				</control>
				<control type="label">
					<left>555</left>
					<width>300</width>
					<top>205r</top>
					<height>45</height>
					<align>right</align>
					<aligny>center</aligny>
					<font>breadcrumb.secondary</font>
					<textcolor>white</textcolor>
					<label>$INFO[Player.Time] / $INFO[Player.Duration,]</label>
				</control>
			</control>
			<control type="group">
				<visible>VideoPlayer.Content(Episodes)</visible>
				<control type="image">
					<left>60</left>
					<top>220r</top>
					<width>805</width>
					<height>92</height>
					<texture colordiffuse="black">backgrounds/bg_fade.png</texture>
				</control>
				<control type="image">
					<left>50</left>
					<top>210r</top>
					<width>70</width>
					<height>70</height>
					<texture>osd/play.png</texture>
				</control>
				<control type="label">
					<left>115</left>
					<width>505</width>
					<top>210r</top>
					<height>45</height>
					<align>left</align>
					<aligny>center</aligny>
					<font>breadcrumb</font>
					<textcolor>$INFO[Skin.String(color.500)]</textcolor>
					<shadowcolor>black</shadowcolor>
					<label>$INFO[Player.Title]</label>
					<scroll>true</scroll>
				</control>
				<control type="label">
					<left>115</left>
					<width>735</width>
					<top>175r</top>
					<height>38</height>
					<align>left</align>
					<aligny>center</aligny>
					<font>breadcrumb.secondary</font>
					<textcolor>white</textcolor>
					<label>$INFO[VideoPlayer.TVShowTitle] ($INFO[VideoPlayer.Season,$LOCALIZE[20373] , - ]$INFO[VideoPlayer.episode,$LOCALIZE[20359] ,])</label>
					<scroll>true</scroll>
				</control>
				<control type="label">
					<left>555</left>
					<width>300</width>
					<top>205r</top>
					<height>45</height>
					<align>right</align>
					<aligny>center</aligny>
					<font>breadcrumb.secondary</font>
					<textcolor>white</textcolor>
					<label>$INFO[Player.Time] / $INFO[Player.Duration,]</label>
				</control>
			</control>
			<control type="group">
				<visible>Player.HasVideo</visible>
				<visible>!VideoPlayer.Content(Movies) + !VideoPlayer.Content(Episodes) + !VideoPlayer.Content(LiveTV)</visible>
				<control type="image">
					<left>60</left>
					<top>220r</top>
					<width>805</width>
					<height>92</height>
					<texture colordiffuse="black">backgrounds/bg_fade.png</texture>
				</control>
				<control type="image">
					<left>50</left>
					<top>210r</top>
					<width>70</width>
					<height>70</height>
					<texture>osd/play.png</texture>
				</control>
				<control type="label">
				<left>115</left>
					<width>505</width>
					<top>210r</top>
					<height>45</height>
					<align>left</align>
					<aligny>center</aligny>
					<font>breadcrumb</font>
					<textcolor>$INFO[Skin.String(color.500)]</textcolor>
					<shadowcolor>black</shadowcolor>
					<label>$INFO[Player.Title]</label>
				</control>
				<control type="label">
				<left>555</left>
					<width>300</width>
					<top>205r</top>
					<height>45</height>
					<align>right</align>
					<aligny>center</aligny>
					<font>breadcrumb.secondary</font>
					<textcolor>white</textcolor>
					<label>$INFO[Player.Time] / $INFO[Player.Duration,]</label>
				</control>
			</control>
			<control type="group">
				<visible>VideoPlayer.Content(LiveTV)</visible>
				<control type="image">
					<left>60</left>
					<top>220r</top>
					<width>805</width>
					<height>92</height>
					<texture colordiffuse="black">backgrounds/bg_fade.png</texture>
				</control>
				<control type="image">
					<left>50</left>
					<top>210r</top>
					<width>70</width>
					<height>70</height>
					<texture>osd/play.png</texture>
				</control>
				<control type="label">
					<left>115</left>
					<width>505</width>
					<top>210r</top>
					<height>45</height>
					<align>left</align>
					<aligny>center</aligny>
					<font>breadcrumb</font>
					<textcolor>$INFO[Skin.String(color.500)]</textcolor>
					<shadowcolor>black</shadowcolor>
					<label>$INFO[Player.Title]</label>
				</control>
				<control type="label">
					<left>115</left>
					<width>735</width>
					<top>175r</top>
					<height>38</height>
					<align>left</align>
					<aligny>center</aligny>
					<font>breadcrumb.secondary</font>
					<textcolor>white</textcolor>
					<label>$INFO[VideoPlayer.ChannelName]</label>
					<scroll>true</scroll>
				</control>
				<control type="label">
					<left>555</left>
					<width>300</width>
					<top>205r</top>
					<height>45</height>
					<align>right</align>
					<aligny>center</aligny>
					<font>breadcrumb.secondary</font>
					<textcolor>white</textcolor>
					<label>$INFO[Player.Time] / $INFO[Player.Duration,]</label>
				</control>
			</control>
			<control type="group">
				<visible>VideoPlayer.Content(Radio)</visible>
				<control type="image">
					<left>60</left>
					<top>220r</top>
					<width>805</width>
					<height>92</height>
					<texture colordiffuse="black">backgrounds/bg_fade.png</texture>
				</control>
				<control type="image">
					<left>50</left>
					<top>210r</top>
					<width>70</width>
					<height>70</height>
					<texture>osd/play.png</texture>
				</control>
				<control type="label">
					<left>115</left>
					<width>505</width>
					<top>210r</top>
					<height>45</height>
					<align>left</align>
					<aligny>center</aligny>
					<font>breadcrumb</font>
					<textcolor>$INFO[Skin.String(color.500)]</textcolor>
					<shadowcolor>black</shadowcolor>
					<label>$INFO[Player.Title]</label>
				</control>
				<control type="label">
					<left>115</left>
					<width>735</width>
					<top>175r</top>
					<height>38</height>
					<align>left</align>
					<aligny>center</aligny>
					<font>breadcrumb.secondary</font>
					<textcolor>white</textcolor>
					<label>$INFO[VideoPlayer.ChannelName]</label>
					<scroll>true</scroll>
				</control>
				<control type="label">
					<left>555</left>
					<width>300</width>
					<top>205r</top>
					<height>45</height>
					<align>right</align>
					<aligny>center</aligny>
					<font>breadcrumb.secondary</font>
					<textcolor>white</textcolor>
					<label>$INFO[Player.Time] / $INFO[Player.Duration,]</label>
				</control>
			</control>
			<control type="group">
				<visible>Player.HasAudio + !VideoPlayer.Content(Radio)</visible>
				<control type="image">
					<left>60</left>
					<top>220r</top>
					<width>805</width>
					<height>92</height>
					<texture colordiffuse="black">backgrounds/bg_fade.png</texture>
				</control>
				<control type="image">
					<left>50</left>
					<top>210r</top>
					<width>70</width>
					<height>70</height>
					<texture>osd/play.png</texture>
				</control>
				<control type="label">
					<left>115</left>
					<width>505</width>
					<top>210r</top>
					<height>45</height>
					<align>left</align>
					<aligny>center</aligny>
					<font>breadcrumb</font>
					<textcolor>$INFO[Skin.String(color.500)]</textcolor>
					<shadowcolor>black</shadowcolor>
					<label>$INFO[Player.Title] </label>
				</control>
				<control type="label">
					<left>115</left>
					<width>735</width>
					<top>175r</top>
					<height>38</height>
					<align>left</align>
					<aligny>center</aligny>
					<font>breadcrumb.secondary</font>
					<textcolor>white</textcolor>
					<label>$INFO[MusicPlayer.Artist] - $INFO[MusicPlayer.Album]$INFO[musicplayer.discnumber, - $LOCALIZE[427]: ]</label>
				</control>
				<control type="label">
					<left>555</left>
					<width>300</width>
					<top>205r</top>
					<height>45</height>
					<align>right</align>
					<aligny>center</aligny>
					<font>breadcrumb.secondary</font>
					<textcolor>white</textcolor>
					<shadowcolor>button.nf</shadowcolor>
					<label>$INFO[Player.Time] / $INFO[Player.Duration,]</label>
				</control>
			</control>
		</control>
		
		<control type="group">
			<visible>Skin.HasSetting(Touchmode)</visible>
			<control type="image">
				<left>60</left>
				<top>115r</top>
				<width>60</width>
				<height>60</height>
				<texture colordiffuse="black">backgrounds/bg_fade.png</texture>
			</control>
			<control type="button">
				<description>Back push button</description>
				<left>55</left>
				<top>120r</top>
				<width>70</width>
				<height>70</height>
				<label></label>
				<font/>
				<onclick>back</onclick>
				<texturefocus colordiffuse="$INFO[Skin.String(color.500)]">icons/back.png</texturefocus>
				<texturenofocus colordiffuse="white">icons/back.png</texturenofocus>
				<onleft></onleft>
				<onright></onright>
				<onup></onup>
				<ondown></ondown>
			</control>
			<control type="image">
				<right>60</right>
				<top>115r</top>
				<width>60</width>
				<height>60</height>
				<texture colordiffuse="black">backgrounds/bg_fade.png</texture>
			</control>
			<control type="button">
				<description>Home push button</description>
				<right>55</right>
				<top>120r</top>
				<width>70</width>
				<height>70</height>
				<label></label>
				<font/>
				<onclick>ActivateWindow(home)</onclick>
				<texturefocus colordiffuse="$INFO[Skin.String(color.500)]">icons/home.png</texturefocus>
				<texturenofocus colordiffuse="white">icons/home.png</texturenofocus>
				<onleft></onleft>
				<onright></onright>
				<onup></onup>
				<ondown></ondown>
			</control>
		</control>
		
		
		
		<!--main content-->
		<control type="group">
			<left>60</left>
			<centertop>50%</centertop>
			<width>1800</width>
			<height>783</height>
			<control type="image">
				<left>0</left>
				<top>0</top>
				<width>1800</width>
				<height>770</height>
				<texture colordiffuse="black">backgrounds/bg_fade.png</texture>
			</control>
			<control type="image">
				<left>0</left>
				<top>0</top>
				<width>375</width>
				<height>770</height>
				<texture colordiffuse="black">backgrounds/bg_fade.png</texture>
			</control>
			<!--title-->
			<control type="label" id="40">
				<left>0</left>
				<top>5</top>
				<width>1800</width>
				<height>60</height>
				<font>info.title</font>
				<align>center</align>
				<aligny>center</aligny>
				<textcolor>$INFO[Skin.String(color.500)]</textcolor>
				<label></label>
			</control>
			<control type="grouplist" id="9000">
				<left>10</left>
				<top>120</top>
				<width>390</width>
				<height>650</height>
				<itemgap>0</itemgap>
				<onup>9000</onup>
				<ondown>9000</ondown>
				<onleft>60</onleft>
				<onright>60</onright>
				<control type="button" id="95">
					<description>Button Summary Values</description>
					<include>ButtonSettingCommonValues</include>
					<label>20037</label>
				</control>
				<control type="button" id="94">
					<description>Button Storage</description>
					<include>ButtonSettingCommonValues</include>
					<label>13277</label>
				</control>
				<control type="button" id="96">
					<description>Button Network</description>
					<include>ButtonSettingCommonValues</include>
					<label>13279</label>
				</control>
				<control type="button" id="97">
					<description>Button Video</description>
					<include>ButtonSettingCommonValues</include>
					<label>13280</label>
				</control>
				<control type="button" id="98">
					<description>Button Hardware</description>
					<include>ButtonSettingCommonValues</include>
					<label>13281</label>
				</control>
				<control type="button" id="99">
					<description>Button PVR</description>
					<include>ButtonSettingCommonValues</include>
					<label>19191</label>
				</control>
				<control type="button" id="100">
					<description>Button PVR</description>
					<include>ButtonSettingCommonValues</include>
					<label>12389</label>
				</control>
			</control>
			<control type="textbox" id="30">
				<left>400</left>
				<top>125</top>
				<height>435</height>
				<width>965</width>
				<pagecontrol>60</pagecontrol>
				<autoscroll delay="5000" repeat="7500" time="5000">true</autoscroll>
			</control>
			<!--scrollbar-->
			<control type="scrollbar" id="60">
				<left>1395</left>
				<top>110</top>
				<height>450</height>
				<onleft>9000</onleft>
				<onright>9000</onright>
				<visible>Control.IsVisible(30)</visible>
			</control>
			<control type="grouplist" id="9001">
				<left>400</left>
				<top>125</top>
				<width>965</width>
				<height>640</height>
				<itemgap>5</itemgap>
				<onleft>9000</onleft>
				<onright>9000</onright>
				<onup>9001</onup>
				<ondown>9001</ondown>
				<control type="label" id="2">
					<description>Label 2</description>
					<width>965</width>
					<height>40</height>
					<font>button.bold</font>
					<label></label>
				</control>
				<control type="label" id="3">
					<description>Label 3</description>
					<width>965</width>
					<height>40</height>
					<font>button.bold</font>
					<label></label>
				</control>
				<control type="label" id="4">
					<description>Label 4</description>
					<width>965</width>
					<height>40</height>
					<font>button.bold</font>
					<label></label>
				</control>
				<control type="label" id="5">
					<description>Label 5</description>
					<width>965</width>
					<height>40</height>
					<font>button.bold</font>
					<label></label>
				</control>
				<control type="label" id="6">
					<description>Label 6</description>
					<width>965</width>
					<height>40</height>
					<font>button.bold</font>
					<label></label>
				</control>
				<control type="label" id="7">
					<description>Label 7</description>
					<width>965</width>
					<height>40</height>
					<font>button.bold</font>
					<label></label>
				</control>
				<control type="label" id="8">
					<description>Label 8</description>
					<width>965</width>
					<height>40</height>
					<font>button.bold</font>
					<label></label>
				</control>
				<control type="label" id="9">
					<description>Label 9</description>
					<width>965</width>
					<height>40</height>
					<font>button.bold</font>
					<label></label>
				</control>
				<control type="label" id="10">
					<description>Label 10</description>
					<width>965</width>
					<height>40</height>
					<font>button.bold</font>
					<label></label>
				</control>
				<control type="label" id="11">
					<description>Label 11</description>
					<width>965</width>
					<height>40</height>
					<font>button.bold</font>
					<label></label>
				</control>
				<control type="label" id="52">
					<description>Kodi Build Version</description>
					<width>965</width>
					<height>40</height>
					<label>144</label>
					<align>right</align>
					<textcolor>$INFO[Skin.String(color.500)]</textcolor>
					<font>button.bold</font>
				</control>
				<control type="label">
					<description>CPU Text</description>
					<width>965</width>
					<height>35</height>
					<label>$LOCALIZE[13271] $INFO[System.CPUUsage]</label>
					<align>right</align>
					<font>button.bold</font>
				</control>
				<control type="progress">
					<description>CPU BAR</description>
					<width>965</width>
					<height>24</height>
					<info>System.CPUUsage</info>
				</control>
				<control type="label">
					<description>Memory Text</description>
					<width>965</width>
					<height>35</height>
					<label>$LOCALIZE[31309] $INFO[system.memory(used.percent)]</label>
					<align>right</align>
					<font>button.bold</font>
				</control>
				<control type="progress">
					<description>Memory BAR</description>
					<width>965</width>
					<height>24</height>
					<info>system.memory(used)</info>
				</control>
			</control>
		</control>
	</controls>
</window>