<?xml version="1.0" encoding="UTF-8"?>
<includes>
	<include name="MusicInfoListView">
		<!--all content-->
		<control type="group">
			<visible>Control.IsVisible(506)</visible>
			<include>VisibleFadeEffect</include>
			<include condition="String.IsEqual(Skin.AspectRatio,4:3)">TallListContainer</include>
			<include condition="!String.IsEqual(Skin.AspectRatio,4:3)">ShortListContainer</include>
			<centerleft>50%</centerleft>
			<width>1509</width>
			<!--content list-->
			<control type="list" id="506">
				<include condition="String.IsEqual(Skin.AspectRatio,4:3)">TallListSlide</include>
				<include condition="!String.IsEqual(Skin.AspectRatio,4:3)">ShortListSlide</include>
				<width>1004</width>
				<onleft>2</onleft>
				<onright>60</onright>
				<onup>506</onup>
				<ondown>506</ondown>
				<viewtype label="$LOCALIZE[544]">list</viewtype>
				<pagecontrol>60</pagecontrol>
				<scrolltime>200</scrolltime>
				<visible>Window.IsVisible(MusicPlaylist) |  Container.Content(Songs) | Container.Content(Albums)</visible>
				<itemlayout height="70" width="1004">
					<!--background-->
					<control type="image">
						<left>4</left>
						<top>0</top>
						<width>1000</width>
						<height>60</height>
						<texture colordiffuse="button.nf">backgrounds/white.png</texture>
					</control>
					<!--main label-->
					<control type="label">
						<left>19</left>
						<top>0</top>
						<width>990</width>
						<height>60</height>
						<font>label</font>
						<textcolor>white</textcolor>
						<selectedcolor>$INFO[Skin.String(color.500)]</selectedcolor>
						<align>left</align>
						<aligny>center</aligny>
						<label>$INFO[ListItem.Label]</label>
					</control>
					<!--secondary label-->
					<control type="label">
						<left>385</left>
						<top>0</top>
						<width>600</width>
						<height>60</height>
						<font>secondary.info</font>
						<textcolor>white</textcolor>
						<selectedcolor>$INFO[Skin.String(color.500)]</selectedcolor>
						<align>right</align>
						<aligny>center</aligny>
						<label>$INFO[ListItem.Label2]</label>
					</control>
				</itemlayout>
				<focusedlayout height="70" width="1004">
					<!--background-->
					<control type="image">
						<left>4</left>
						<top>0</top>
						<width>1000</width>
						<height>60</height>
						<texture colordiffuse="$INFO[Skin.String(color.tertiary)]">backgrounds/white.png</texture>
						<animation effect="fade" start="100" end="75" time="200" condition="Control.HasFocus(60)">Conditional</animation>
					</control>
					<!--background strip-->
					<control type="image">
						<left>0</left>
						<top>0</top>
						<width>4</width>
						<height>60</height>
						<texture colordiffuse="$INFO[Skin.String(color.500)]">backgrounds/white.png</texture>
						<animation effect="fade" start="100" end="75" time="200" condition="Control.HasFocus(60)">Conditional</animation>
					</control>
					<!--main label-->
					<control type="label">
						<left>19</left>
						<top>0</top>
						<width>990</width>
						<height>60</height>
						<font>label</font>
						<textcolor>white</textcolor>
						<selectedcolor>$INFO[Skin.String(color.500)]</selectedcolor>
						<align>left</align>
						<aligny>center</aligny>
						<label>$INFO[ListItem.Label]</label>
					</control>
					<!--secondary label-->
					<control type="label">
						<left>385</left>
						<top>0</top>
						<width>600</width>
						<height>60</height>
						<font>secondary.info</font>
						<textcolor>white</textcolor>
						<selectedcolor>$INFO[Skin.String(color.500)]</selectedcolor>
						<align>right</align>
						<aligny>center</aligny>
						<label>$INFO[ListItem.Label2]</label>
					</control>
				</focusedlayout>
			</control>
			<!--scrollbar-->
			<control type="scrollbar" id="60">
				<left>1014</left>
				<bottom>10</bottom>
				<onleft>506</onleft>
				<onright>2</onright>
				<orientation>vertical</orientation>
			</control>
			<!--info-->
			<control type="group">
				<left>1031</left>
				<centertop>50%</centertop>
				<height>700</height>
				<!--background-->
				<control type="image">
					<left>-18</left>
					<top>-20</top>
					<width>496</width>
					<height>730</height>
					<texture background="true" colordiffuse="$INFO[Skin.String(color.tertiary)]">backgrounds/info bg.png</texture>
				</control>
				<!--thumb (fallback)-->
				<control type="image">
					<left>0</left>
					<top>0</top>
					<width>460</width>
					<height>460</height>
					<aspectratio>scale</aspectratio>
					<texture background="true" colordiffuse="$INFO[Skin.String(color.500)]">$INFO[ListItem.Icon]</texture>
					<visible>String.Contains(ListItem.Icon,Default)</visible>
				</control>
				<!--thumb (no fallback)-->
				<control type="image">
					<left>0</left>
					<top>0</top>
					<width>460</width>
					<height>460</height>
					<aspectratio>scale</aspectratio>
					<texture background="true">$INFO[ListItem.Icon]</texture>
					<visible>!String.Contains(ListItem.Icon,Default)</visible>
				</control>
				<!--album info-->
				<control type="group">
					<top>460</top>
					<visible>!Container.Content(Songs)</visible>
					<!--info strip background-->
					<control type="image">
						<left>0</left>
						<top>0</top>
						<width>460</width>
						<height>95</height>
						<texture background="true" colordiffuse="$INFO[Skin.String(color.500)]">backgrounds/white.png</texture>
					</control>
					<!--thumb shadow-->
					<control type="image">
						<left>0</left>
						<top>0</top>
						<width>460</width>
						<height>10</height>
						<texture>homeshadow.png</texture>
						<animation effect="fade" start="100" end="100" time="0" condition="true">Conditional</animation>
					</control>
					<!--info strip shadow-->
					<control type="image">
						<left>0</left>
						<top>95</top>
						<width>460</width>
						<height>10</height>
						<texture>homeshadow.png</texture>
						<animation effect="fade" start="100" end="100" time="0" condition="true">Conditional</animation>
					</control>
					<!--artist label-->
					<control type="label">
						<left>15</left>
						<top>0</top>
						<width>430</width>
						<height>55</height>
						<font>secondary.info.big</font>
						<textcolor>white</textcolor>
						<selectedcolor>white</selectedcolor>
						<align>left</align>
						<aligny>center</aligny>
						<label>$INFO[ListItem.Artist]</label>
					</control>
					<!--album label-->
					<control type="label">
						<left>15</left>
						<top>35</top>
						<width>430</width>
						<height>55</height>
						<font>secondary.info.big</font>
						<textcolor>white</textcolor>
						<selectedcolor>white</selectedcolor>
						<align>left</align>
						<aligny>center</aligny>
						<label>$INFO[ListItem.Album]</label>
					</control>
					<control type="group">
						<top>95</top>
						<!--genre label-->
						<control type="label">
							<left>15</left>
							<top>0</top>
							<width>430</width>
							<height>55</height>
							<font>secondary.info.big</font>
							<textcolor>white</textcolor>
							<selectedcolor>white</selectedcolor>
							<align>left</align>
							<aligny>center</aligny>
							<label>$INFO[ListItem.Genre]</label>
						</control>
						<!--year label-->
						<control type="label">
							<left>15</left>
							<top>35</top>
							<width>430</width>
							<height>55</height>
							<font>secondary.info.big</font>
							<textcolor>white</textcolor>
							<selectedcolor>white</selectedcolor>
							<align>left</align>
							<aligny>center</aligny>
							<label>$INFO[ListItem.Year]</label>
						</control>
					</control>
					<!--rating stars-->
					<control type="image">
						<description>Rating value</description>
						<left>10</left>
						<top>180</top>
						<width>128</width>
						<height>32</height>
						<aspectratio>keep</aspectratio>
						<texture fallback="ratings/0.png" colordiffuse="$INFO[Skin.String(color.500)]">$INFO[ListItem.UserRating,ratings/,.png]</texture>
					</control>
				</control>
				<!--song info-->
				<control type="group">
					<top>460</top>
					<visible>Container.Content(Songs)</visible>
					<!--info strip background-->
					<control type="image">
						<left>0</left>
						<top>0</top>
						<width>460</width>
						<height>130</height>
						<texture background="true" colordiffuse="$INFO[Skin.String(color.500)]">backgrounds/white.png</texture>
					</control>
					<!--thumb shadow-->
					<control type="image">
						<left>0</left>
						<top>0</top>
						<width>460</width>
						<height>10</height>
						<texture>homeshadow.png</texture>
						<animation effect="fade" start="100" end="100" time="0" condition="true">Conditional</animation>
					</control>
					<!--info strip shadow-->
					<control type="image">
						<left>0</left>
						<top>130</top>
						<width>460</width>
						<height>10</height>
						<texture>homeshadow.png</texture>
						<animation effect="fade" start="100" end="100" time="0" condition="true">Conditional</animation>
					</control>
					<!--track/title label-->
					<control type="label">
						<left>15</left>
						<top>0</top>
						<width>430</width>
						<height>55</height>
						<font>secondary.info.big</font>
						<textcolor>white</textcolor>
						<selectedcolor>white</selectedcolor>
						<align>left</align>
						<aligny>center</aligny>
						<label>$INFO[listitem.TrackNumber,,.] $INFO[ListItem.Title]</label>
					</control>
					<!--artist label-->
					<control type="label">
						<left>15</left>
						<top>35</top>
						<width>430</width>
						<height>55</height>
						<font>secondary.info.big</font>
						<textcolor>white</textcolor>
						<selectedcolor>white</selectedcolor>
						<align>left</align>
						<aligny>center</aligny>
						<label>$INFO[ListItem.Artist]</label>
					</control>
					<!--album label-->
					<control type="label">
						<left>15</left>
						<top>70</top>
						<width>430</width>
						<height>55</height>
						<font>secondary.info.big</font>
						<textcolor>white</textcolor>
						<selectedcolor>white</selectedcolor>
						<align>left</align>
						<aligny>center</aligny>
						<label>$INFO[ListItem.Album]</label>
					</control>
					<control type="group">
						<top>130</top>
						<!--genre label-->
						<control type="label">
							<left>15</left>
							<top>0</top>
							<width>430</width>
							<height>55</height>
							<font>secondary.info.big</font>
							<textcolor>white</textcolor>
							<selectedcolor>white</selectedcolor>
							<align>left</align>
							<aligny>center</aligny>
							<label>$INFO[ListItem.Genre]</label>
						</control>
						<!--year label-->
						<control type="label">
							<left>15</left>
							<top>35</top>
							<width>430</width>
							<height>55</height>
							<font>secondary.info.big</font>
							<textcolor>white</textcolor>
							<selectedcolor>white</selectedcolor>
							<align>left</align>
							<aligny>center</aligny>
							<label>$INFO[ListItem.Year]</label>
						</control>
					</control>
				</control>
			</control>
		</control>
	</include>
	<include name="AlbumWrapView2_Fanart">
		<!--all content-->
		<control type="group">
			<visible>Control.IsVisible(509)</visible>
			<include>VisibleFadeEffect</include>
			<include condition="String.IsEqual(Skin.AspectRatio,4:3)">TallListContainer</include>
			<include condition="!String.IsEqual(Skin.AspectRatio,4:3)">ShortListContainer</include>
			<centerleft>50%</centerleft>
			<width>1806</width>
			<!--label-->
			<control type="label">
				<visible>Skin.HasSetting(View509HideInfo)</visible>
				<left>5</left>
				<top>314r</top>
				<width>1800</width>
				<height>30</height>
				<font>info.title</font>
				<textcolor>white</textcolor>
				<shadowcolor>button.nf</shadowcolor>
				<scroll>true</scroll>
				<align>left</align>
				<aligny>center</aligny>
				<label>$INFO[ListItem.Label]$INFO[Listitem.Property(Album_Artist), (,)]</label>
			</control>
			<control type="group">
				<left>0</left>
				<top>280r</top>
				<!--content list-->
				<control type="list" id="509">
					<visible>Container.Content(Albums)</visible>
					<top>22</top>
					<width>1806</width>
					<height>280</height>
					<onleft>509</onleft>
					<onright>509</onright>
					<onup>2</onup>
					<ondown>60</ondown>
					<viewtype label="31029">wrap</viewtype>
					<pagecontrol>60</pagecontrol>
					<scrolltime>200</scrolltime>
					<focusposition>5</focusposition>
					<movement>3</movement>
					<orientation>horizontal</orientation>
					<preloaditems>4</preloaditems>
					<itemlayout height="300" width="258">
						<!--bg (fallback)-->
						<control type="image">
							<left>0</left>
							<top>0</top>
							<width>258</width>
							<height>258</height>
							<aspectratio>stretch</aspectratio>
							<fadetime>200</fadetime>
							<texture background="true">backgrounds/white.png</texture>
							<bordersize>5</bordersize>
							<bordertexture>backgrounds/square shadow small.png</bordertexture>
							<visible>String.Contains(ListItem.Icon,Default)</visible>
						</control>
						<!--thumb (fallback)-->
						<control type="image">
							<left>5</left>
							<top>5</top>
							<width>248</width>
							<height>248</height>
							<aspectratio>stretch</aspectratio>
							<fadetime>200</fadetime>
							<texture colordiffuse="$INFO[Skin.String(color.500)]" background="true">$INFO[ListItem.Icon]</texture>
							<visible>String.Contains(ListItem.Icon,Default)</visible>
						</control>
						<!--thumb (no fallback)-->
						<control type="image">
							<left>0</left>
							<top>0</top>
							<width>258</width>
							<height>258</height>
							<aspectratio>stretch</aspectratio>
							<fadetime>200</fadetime>
							<texture background="true">$INFO[ListItem.Icon]</texture>
							<bordersize>5</bordersize>
							<bordertexture>backgrounds/square shadow small.png</bordertexture>
							<visible>!String.Contains(ListItem.Icon,Default)</visible>
						</control>
					</itemlayout>
					<focusedlayout height="300" width="258">
						<!--bg (fallback)-->
						<control type="image">
							<left>0</left>
							<top>0</top>
							<width>258</width>
							<height>258</height>
							<aspectratio>stretch</aspectratio>
							<fadetime>200</fadetime>
							<texture background="true">backgrounds/white.png</texture>
							<bordersize>5</bordersize>
							<bordertexture colordiffuse="$INFO[Skin.String(color.500)]">backgrounds/white.png</bordertexture>
							<visible>String.Contains(ListItem.Icon,Default)</visible>
						</control>
						<!--thumb (fallback)-->
						<control type="image">
							<left>5</left>
							<top>5</top>
							<width>248</width>
							<height>248</height>
							<aspectratio>stretch</aspectratio>
							<fadetime>200</fadetime>
							<texture colordiffuse="$INFO[Skin.String(color.500)]" background="true">$INFO[ListItem.Icon]</texture>
							<visible>String.Contains(ListItem.Icon,Default)</visible>
						</control>
						<!--thumb-->
						<control type="image">
							<left>0</left>
							<top>0</top>
							<width>258</width>
							<height>258</height>
							<aspectratio>stretch</aspectratio>
							<fadetime>200</fadetime>
							<texture background="true">$INFO[ListItem.Icon]</texture>
							<bordersize>5</bordersize>
							<bordertexture colordiffuse="$INFO[Skin.String(color.500)]">backgrounds/white.png</bordertexture>
							<visible>!String.Contains(ListItem.Icon,Default)</visible>
						</control>
					</focusedlayout>
				</control>
				<!--scrollbar-->
				<control type="scrollbar" id="60">
					<left>5</left>
					<top>285</top>
					<width>1796</width>
					<height>7</height>
					<onup>509</onup>
					<ondown>9000</ondown>
					<showonepage>false</showonepage>
					<orientation>horizontal</orientation>
				</control>
			</control>
			<!--info-->
			<control type="group">
				<centerleft>50%</centerleft>
				<width>1200</width>
				<visible>!Skin.HasSetting(View509HideInfo)</visible>
				<!--background-->
				<control type="image">
					<bottom>265</bottom>
					<width>1200</width>
					<texture colordiffuse="$INFO[Skin.String(color.tertiary)]">backgrounds/white.png</texture>
				</control>
				<!--title-->
				<control type="label">
					<left>30</left>
					<top>30</top>
					<width>1140</width>
					<height>30</height>
					<font>info.title</font>
					<textcolor>white</textcolor>
					<scroll>false</scroll>
					<align>left</align>
					<aligny>center</aligny>
					<label>$INFO[ListItem.Label]</label>
				</control>
				<!--artist-->
				<control type="label">
					<left>30</left>
					<top>65</top>
					<width>1140</width>
					<height>60</height>
					<font>breadcrumb</font>
					<label>$INFO[Listitem.Property(Album_Artist)]</label>
					<align>left</align>
					<aligny>center</aligny>
					<textcolor>$INFO[Skin.String(color.500)]</textcolor>
					<scroll>false</scroll>
				</control>
				<!--info-->
				<control type="group">
					<top>55</top>
					<!--year-->
					<control type="group">
						<control type="label">
							<left>30</left>
							<top>100</top>
							<width>240</width>
							<height>35</height>
							<font>secondary.info</font>
							<align>left</align>
							<aligny>center</aligny>
							<textcolor>$INFO[Skin.String(color.500)]</textcolor>
							<selectedcolor>selected</selectedcolor>
							<label>$LOCALIZE[562]</label>
						</control>
						<control type="label">
							<left>200</left>
							<top>100</top>
							<width>240</width>
							<height>35</height>
							<font>secondary.info</font>
							<align>left</align>
							<aligny>center</aligny>
							<textcolor>white</textcolor>
							<selectedcolor>selected</selectedcolor>
							<label>$INFO[ListItem.Year]</label>
						</control>
					</control>
					<!--genre-->
					<control type="group">
						<top>35</top>
						<control type="label">
							<left>30</left>
							<top>100</top>
							<width>240</width>
							<height>35</height>
							<font>secondary.info</font>
							<align>left</align>
							<aligny>center</aligny>
							<textcolor>$INFO[Skin.String(color.500)]</textcolor>
							<selectedcolor>selected</selectedcolor>
							<label>$LOCALIZE[515]</label>
						</control>
						<control type="label">
							<left>200</left>
							<top>100</top>
							<width>240</width>
							<height>35</height>
							<font>secondary.info</font>
							<align>left</align>
							<aligny>center</aligny>
							<textcolor>white</textcolor>
							<selectedcolor>selected</selectedcolor>
							<label>$INFO[ListItem.Genre]</label>
						</control>
					</control>
					<control type="image">
						<description>Rating value</description>
						<left>30</left>
						<top>180</top>
						<width>128</width>
						<height>32</height>
						<aspectratio>keep</aspectratio>
						<texture fallback="ratings/0.png" colordiffuse="$INFO[Skin.String(color.500)]">$INFO[ListItem.UserRating,ratings/,.png]</texture>
					</control>
				</control>
				<!--seperator-->
				<control type="image">
					<left>470</left>
					<top>140</top>
					<bottom>285</bottom>
					<width>1</width>
					<texture colordiffuse="$INFO[Skin.String(color.500)]">backgrounds/white.png</texture>
				</control>
				<!--plot-->
				<control type="textbox">
					<left>500</left>
					<top>147</top>
					<bottom>280</bottom>
					<width>665</width>
					<height></height>
					<font>label</font>
					<align>justify</align>
					<textcolor>white</textcolor>
					<label>$INFO[ListItem.Property(Album_Description)]</label>
					<autoscroll time="2000" delay="10000" repeat="10000">Skin.HasSetting(AutoScroll)</autoscroll>
				</control>
			</control>
		</control>
	</include>
	<include name="MusicVideoInfoListView">
		<control type="group">
			<visible>Control.IsVisible(511)</visible>
			<include>VisibleFadeEffect</include>
			<include condition="String.IsEqual(Skin.AspectRatio,4:3)">TallListContainer</include>
			<include condition="!String.IsEqual(Skin.AspectRatio,4:3)">ShortListContainer</include>
			<centerleft>50%</centerleft>
			<width>1561</width>
			<control type="list" id="511">
				<include condition="String.IsEqual(Skin.AspectRatio,4:3)">TallListSlide</include>
				<include condition="!String.IsEqual(Skin.AspectRatio,4:3)">ShortListSlide</include>
				<width>1004</width>
				<onleft>2</onleft>
				<onright>60</onright>
				<onup>511</onup>
				<ondown>511</ondown>
				<viewtype label="$LOCALIZE[544]">list</viewtype>
				<pagecontrol>60</pagecontrol>
				<scrolltime>200</scrolltime>
				<visible>Container.Content(MusicVideos)</visible>
				<itemlayout height="70" width="1004">
					<!--background-->
					<control type="image">
						<left>4</left>
						<top>0</top>
						<width>1000</width>
						<height>60</height>
						<texture colordiffuse="button.nf">backgrounds/white.png</texture>
					</control>
					<!--main label-->
					<control type="label">
						<left>19</left>
						<top>0</top>
						<width>990</width>
						<height>60</height>
						<font>label</font>
						<textcolor>white</textcolor>
						<selectedcolor>$INFO[Skin.String(color.500)]</selectedcolor>
						<align>left</align>
						<aligny>center</aligny>
						<label>$INFO[ListItem.Label]</label>
					</control>
					<!--secondary label (videos)-->
					<control type="label">
						<left>319</left>
						<top>0</top>
						<width>600</width>
						<height>60</height>
						<font>secondary.info</font>
						<textcolor>white</textcolor>
						<selectedcolor>$INFO[Skin.String(color.500)]</selectedcolor>
						<align>right</align>
						<aligny>center</aligny>
						<label>$INFO[ListItem.Label2]</label>
					</control>
					<!--hd/sd flag-->
					<control type="image">
						<left>918</left>
						<top>10</top>
						<width>56</width>
						<height>40</height>
						<texture>$INFO[ListItem.VideoResolution,flagging/lists/,.png]</texture>
						<visible>Window.IsVisible(Videos) + [Container.Content(Movies) | Container.Content(Episodes) | Container.Content(MusicVideos)]</visible>
						<visible>!ListItem.IsStereoscopic</visible>
					</control>
					<!--3d flag-->
					<control type="image">
						<left>918</left>
						<top>20</top>
						<width>56</width>
						<height>40</height>
						<texture>flagging/lists/3D.png</texture>
						<visible>Window.IsVisible(Videos) + [Container.Content(Movies) | Container.Content(Episodes) | Container.Content(MusicVideos)]</visible>
						<visible>ListItem.IsStereoscopic</visible>
					</control>
					<!--watched icon-->
					<control type="image">
						<left>959</left>
						<top>10</top>
						<width>45</width>
						<height>40</height>
						<texture colordiffuse="white">$INFO[ListItem.Overlay]</texture>
						<visible>!ListItem.IsResumable</visible>
					</control>
					<!--resumable icon-->
					<control type="image">
						<left>959</left>
						<top>10</top>
						<width>45</width>
						<height>40</height>
						<texture colordiffuse="white">OverlayWatching.png</texture>
						<visible>ListItem.IsResumable</visible>
					</control>
				</itemlayout>
				<focusedlayout height="70" width="1004">
					<!--background-->
					<control type="image">
						<left>4</left>
						<top>0</top>
						<width>1000</width>
						<height>60</height>
						<texture colordiffuse="$INFO[Skin.String(color.tertiary)]">backgrounds/white.png</texture>
						<animation effect="fade" start="100" end="75" time="200" condition="Control.HasFocus(60)">Conditional</animation>
					</control>
					<!--background strip-->
					<control type="image">
						<left>0</left>
						<top>0</top>
						<width>4</width>
						<height>60</height>
						<texture colordiffuse="$INFO[Skin.String(color.500)]">backgrounds/white.png</texture>
						<animation effect="fade" start="100" end="75" time="200" condition="Control.HasFocus(60)">Conditional</animation>
					</control>
					<!--main label-->
					<control type="label">
						<left>19</left>
						<top>0</top>
						<width>990</width>
						<height>60</height>
						<font>label</font>
						<textcolor>white</textcolor>
						<selectedcolor>$INFO[Skin.String(color.500)]</selectedcolor>
						<align>left</align>
						<aligny>center</aligny>
						<label>$INFO[ListItem.Label]</label>
					</control>
					<!--secondary label (videos)-->
					<control type="label">
						<left>319</left>
						<top>0</top>
						<width>600</width>
						<height>60</height>
						<font>secondary.info</font>
						<textcolor>white</textcolor>
						<selectedcolor>$INFO[Skin.String(color.500)]</selectedcolor>
						<align>right</align>
						<aligny>center</aligny>
						<label>$INFO[ListItem.Label2]</label>
					</control>
					<!--hd/sd flag-->
					<control type="image">
						<left>918</left>
						<top>10</top>
						<width>56</width>
						<height>40</height>
						<texture>$INFO[ListItem.VideoResolution,flagging/lists/,.png]</texture>
						<visible>Window.IsVisible(Videos) + [Container.Content(Movies) | Container.Content(Episodes) | Container.Content(MusicVideos)]</visible>
						<visible>!ListItem.IsStereoscopic</visible>
					</control>
					<!--3d flag-->
					<control type="image">
						<left>918</left>
						<top>20</top>
						<width>56</width>
						<height>40</height>
						<texture>flagging/lists/3D.png</texture>
						<visible>Window.IsVisible(Videos) + [Container.Content(Movies) | Container.Content(Episodes) | Container.Content(MusicVideos)]</visible>
						<visible>ListItem.IsStereoscopic</visible>
					</control>
					<!--watched icon-->
					<control type="image">
						<left>959</left>
						<top>10</top>
						<width>45</width>
						<height>40</height>
						<texture colordiffuse="$INFO[Skin.String(color.500)]">$INFO[ListItem.Overlay]</texture>
						<visible>!ListItem.IsResumable</visible>
					</control>
					<!--resumable icon-->
					<control type="image">
						<left>959</left>
						<top>10</top>
						<width>45</width>
						<height>40</height>
						<texture colordiffuse="$INFO[Skin.String(color.500)]">OverlayWatching.png</texture>
						<visible>ListItem.IsResumable</visible>
					</control>
				</focusedlayout>
			</control>
			<!--scrollbar-->
			<control type="scrollbar" id="60">
				<left>1014</left>
				<bottom>10</bottom>
				<onleft>504</onleft>
				<onright>2</onright>
				<orientation>vertical</orientation>
			</control>
			<!--music video info-->
			<control type="group">
				<left>1031</left>
				<centertop>50%</centertop>
				<height>700</height>
				<!--background glow-->
				<control type="image">
					<left>-20</left>
					<top>-20</top>
					<width>550</width>
					<height>730</height>
					<texture background="true" colordiffuse="$INFO[Skin.String(color.tertiary)]">backgrounds/info bg.png</texture>
				</control>
				<!--background-->
				<control type="image">
					<left>0</left>
					<top>0</top>
					<width>510</width>
					<height>690</height>
					<texture background="true" colordiffuse="$INFO[Skin.String(color.tertiary)]">backgrounds/white.png</texture>
				</control>
				<!--thumb (fallback)-->
				<control type="image">
					<left>0</left>
					<top>0</top>
					<width>510</width>
					<height>287</height>
					<aspectratio>scale</aspectratio>
					<texture background="true" colordiffuse="$INFO[Skin.String(color.500)]">$INFO[ListItem.Icon]</texture>
					<visible>!String.Contains(ListItem.Icon,default)</visible>
				</control>
				<!--thumb (no fallback)-->
				<control type="image">
					<left>0</left>
					<top>0</top>
					<width>510</width>
					<height>287</height>
					<aspectratio>scale</aspectratio>
					<texture background="true">$INFO[ListItem.Icon]</texture>
					<bordertexture background="true" colordiffuse="$INFO[Skin.String(color.tertiary)]">backgrounds/white.png</bordertexture>
					<bordersize>0</bordersize>
					<visible>!String.Contains(ListItem.Icon,default)</visible>
				</control>
				<!--info strip background-->
				<control type="image">
					<left>0</left>
					<top>287</top>
					<width>510</width>
					<height>60</height>
					<texture background="true" colordiffuse="$INFO[Skin.String(color.500)]">backgrounds/white.png</texture>
					<animation effect="slide" start="0,0" end="0,-7" time="0" condition="Container.Content(TVShows) | Container.Content(Seasons)">Conditional</animation>
				</control>
				<!--fanart shadow-->
				<control type="image">
					<left>0</left>
					<top>287</top>
					<width>510</width>
					<height>10</height>
					<texture>homeshadow.png</texture>
					<animation effect="fade" start="100" end="100" time="0" condition="true">Conditional</animation>
					<animation effect="slide" start="0,0" end="0,-7" time="0" condition="Container.Content(TVShows) | Container.Content(Seasons)">Conditional</animation>
				</control>
				<!--secondary label-->
				<control type="label">
					<left>15</left>
					<top>287</top>
					<width>480</width>
					<height>55</height>
					<font>secondary.info.big</font>
					<textcolor>white</textcolor>
					<selectedcolor>white</selectedcolor>
					<align>left</align>
					<aligny>center</aligny>
					<label>$INFO[ListItem.Year]$INFO[ListItem.Duration, • , $LOCALIZE[31063]]$INFO[ListItem.Genre, • ,]</label>
				</control>
				<control type="label">
					<left>15</left>
					<top>354</top>
					<width>480</width>
					<height>38</height>
					<label>$INFO[ListItem.Artist]</label>
					<scroll>true</scroll>
					<font>label</font>
					<wrapmultiline>true</wrapmultiline>
				</control>
				<control type="label">
					<left>15</left>
					<top>424</top>
					<width>480</width>
					<height>38</height>
					<label>$INFO[ListItem.Album]</label>
					<wrapmultiline>true</wrapmultiline>
					<font>label</font>
				</control>
				<control type="label">
					<left>15</left>
					<top>494</top>
					<width>480</width>
					<height>38</height>
					<label>$INFO[ListItem.Title]</label>
					<scroll>true</scroll>
					<font>label</font>
					<wrapmultiline>true</wrapmultiline>
				</control>
				<control type="label">
					<left>15</left>
					<top>564</top>
					<width>480</width>
					<height>38</height>
					<label>$INFO[ListItem.Studio]</label>
					<scroll>true</scroll>
					<font>label</font>
					<wrapmultiline>true</wrapmultiline>
				</control>
				<!--info strip shadow-->
				<control type="image">
					<left>0</left>
					<top>347</top>
					<width>510</width>
					<height>10</height>
					<texture>homeshadow.png</texture>
					<animation effect="fade" start="100" end="100" time="0" condition="true">Conditional</animation>
					<animation effect="slide" start="0,0" end="0,-7" time="0" condition="Container.Content(TVShows) | Container.Content(Seasons)">Conditional</animation>
				</control>
				<!--audio/video flags-->
				<control type="group">
					<left>10</left>
					<top>640</top>
					<include>media.flags.small</include>
					<animation effect="zoom" start="100" end="96" center="10,600" time="0" condition="true">Conditional</animation>
				</control>
			</control>
		</control>
	</include>
	<include name="ArtistMediaListView">
		<!--all content-->
		<control type="group">
			<visible>Control.IsVisible(512)</visible>
			<include>VisibleFadeEffect</include>
			<include condition="String.IsEqual(Skin.AspectRatio,4:3)">TallListContainer</include>
			<include condition="!String.IsEqual(Skin.AspectRatio,4:3)">ShortListContainer</include>
			<centerleft>50%</centerleft>
			<width>1561</width>
			<!--content list-->
			<control type="list" id="512">
				<include condition="String.IsEqual(Skin.AspectRatio,4:3)">TallListSlide</include>
				<include condition="!String.IsEqual(Skin.AspectRatio,4:3)">ShortListSlide</include>
				<width>1004</width>
				<onleft>2</onleft>
				<onright>60</onright>
				<onup>512</onup>
				<ondown>512</ondown>
				<viewtype label="$LOCALIZE[544]">list</viewtype>
				<pagecontrol>60</pagecontrol>
				<scrolltime>200</scrolltime>
				<visible>Container.Content(Artists)</visible>
				<itemlayout height="70" width="1004">
					<!--background-->
					<control type="image">
						<left>4</left>
						<top>0</top>
						<width>1000</width>
						<height>60</height>
						<texture colordiffuse="button.nf">backgrounds/white.png</texture>
					</control>
					<!--main label-->
					<control type="label">
						<left>19</left>
						<top>0</top>
						<width>990</width>
						<height>60</height>
						<font>label</font>
						<textcolor>white</textcolor>
						<selectedcolor>$INFO[Skin.String(color.500)]</selectedcolor>
						<align>left</align>
						<aligny>center</aligny>
						<label>$INFO[ListItem.Label]</label>
					</control>
				</itemlayout>
				<focusedlayout height="70" width="1004">
					<!--background-->
					<control type="image">
						<left>4</left>
						<top>0</top>
						<width>1000</width>
						<height>60</height>
						<texture colordiffuse="$INFO[Skin.String(color.tertiary)]">backgrounds/white.png</texture>
						<animation effect="fade" start="100" end="75" time="200" condition="Control.HasFocus(60)">Conditional</animation>
					</control>
					<!--background strip-->
					<control type="image">
						<left>0</left>
						<top>0</top>
						<width>4</width>
						<height>60</height>
						<texture colordiffuse="$INFO[Skin.String(color.500)]">backgrounds/white.png</texture>
						<animation effect="fade" start="100" end="75" time="200" condition="Control.HasFocus(60)">Conditional</animation>
					</control>
					<!--main label-->
					<control type="label">
						<left>19</left>
						<top>0</top>
						<width>990</width>
						<height>60</height>
						<font>label</font>
						<textcolor>white</textcolor>
						<selectedcolor>$INFO[Skin.String(color.500)]</selectedcolor>
						<align>left</align>
						<aligny>center</aligny>
						<label>$INFO[ListItem.Label]</label>
					</control>
				</focusedlayout>
			</control>
			<!--scrollbar-->
			<control type="scrollbar" id="60">
				<left>1014</left>
				<bottom>10</bottom>
				<onleft>512</onleft>
				<onright>2</onright>
				<orientation>vertical</orientation>
				<showonepage>true</showonepage>
			</control>
			<!--info-->
			<control type="group">
				<left>1031</left>
				<centertop>50%</centertop>
				<height>700</height>
				<!--background-->
				<control type="image">
					<left>-20</left>
					<top>-20</top>
					<width>550</width>
					<height>730</height>
					<texture background="true" colordiffuse="$INFO[Skin.String(color.tertiary)]">backgrounds/info bg.png</texture>
				</control>
				<!--thumb (fallback)-->
				<control type="image">
					<left>0</left>
					<top>0</top>
					<width>510</width>
					<height>375</height>
					<aspectratio>keep</aspectratio>
					<texture colordiffuse="$INFO[Skin.String(color.500)]" background="true">$INFO[ListItem.Icon]</texture>
					<visible>String.Contains(ListItem.Icon,default)</visible>
				</control>
				<!--thumb (no fallback)-->
				<control type="image">
					<left>0</left>
					<top>0</top>
					<width>510</width>
					<height>375</height>
					<aspectratio>scale</aspectratio>
					<texture background="true">$INFO[ListItem.Icon]</texture>
					<visible>!String.Contains(ListItem.Icon,default)</visible>
				</control>
				<!--info strip background-->
				<control type="image">
					<left>0</left>
					<top>375</top>
					<width>510</width>
					<height>60</height>
					<texture background="true" colordiffuse="$INFO[Skin.String(color.500)]">backgrounds/white.png</texture>
				</control>
				<!--thumb shadow-->
				<control type="image">
					<left>0</left>
					<top>375</top>
					<width>510</width>
					<height>10</height>
					<texture>homeshadow.png</texture>
					<animation effect="fade" start="100" end="100" time="0" condition="true">Conditional</animation>
					<animation effect="slide" start="0,0" end="0,-7" time="0" condition="Container.Content(TVShows) | Container.Content(Seasons)">Conditional</animation>
				</control>
				<!--secondary label-->
				<control type="label">
					<left>15</left>
					<top>375</top>
					<width>480</width>
					<height>55</height>
					<font>secondary.info.big</font>
					<textcolor>white</textcolor>
					<selectedcolor>white</selectedcolor>
					<align>left</align>
					<aligny>center</aligny>
					<label>$INFO[ListItem.Property(Artist_Genre)]$INFO[ListItem.Property(Artist_Born), • $LOCALIZE[21893]: ,]</label>
					<visible>!String.IsEmpty(ListItem.Property(Artist_Born))</visible>
				</control>
				<!--secondary label-->
				<control type="label">
					<left>15</left>
					<top>375</top>
					<width>480</width>
					<height>55</height>
					<font>secondary.info.big</font>
					<textcolor>white</textcolor>
					<selectedcolor>white</selectedcolor>
					<align>left</align>
					<aligny>center</aligny>
					<label>$INFO[ListItem.Property(Artist_Genre)]$INFO[ListItem.Property(Artist_Formed), • $LOCALIZE[21894]: ,]</label>
					<visible>!String.IsEmpty(ListItem.Property(Artist_Formed))</visible>
				</control>
				<!--secondary label-->
				<control type="label">
					<left>15</left>
					<top>375</top>
					<width>480</width>
					<height>55</height>
					<font>secondary.info.big</font>
					<textcolor>white</textcolor>
					<selectedcolor>white</selectedcolor>
					<align>left</align>
					<aligny>center</aligny>
					<label>$INFO[ListItem.Property(Artist_Genre)]</label>
					<visible>String.IsEmpty(ListItem.Property(Artist_Formed)) + String.IsEmpty(ListItem.Property(Artist_Born))</visible>
				</control>
				<!--artist review-->
				<control type="textbox">
					<left>15</left>
					<top>440</top>
					<width>480</width>
					<height>228</height>
					<font>label</font>
					<align>left</align>
					<textcolor>white</textcolor>
					<label>$INFO[ListItem.Property(Artist_Description)]</label>
					<autoscroll time="2000" delay="5000" repeat="8000">Skin.HasSetting(AutoScroll)</autoscroll>
				</control>
				<!--info strip shadow-->
				<control type="image">
					<left>0</left>
					<top>435</top>
					<width>510</width>
					<height>10</height>
					<texture>homeshadow.png</texture>
					<animation effect="fade" start="100" end="100" time="0" condition="true">Conditional</animation>
					<animation effect="slide" start="0,0" end="0,-7" time="0" condition="Container.Content(TVShows) | Container.Content(Seasons)">Conditional</animation>
				</control>
			</control>
		</control>
	</include>
	<include name="AlbumInfoListView">
		<!--all content-->
		<control type="group">
			<visible>Control.IsVisible(513)</visible>
			<include>VisibleFadeEffect</include>
			<include condition="String.IsEqual(Skin.AspectRatio,4:3)">TallListContainer</include>
			<include condition="!String.IsEqual(Skin.AspectRatio,4:3)">ShortListContainer</include>
			<centerleft>50%</centerleft>
			<width>1541</width>
			<!--content list-->
			<control type="list" id="513">
				<include condition="String.IsEqual(Skin.AspectRatio,4:3)">TallListSlide</include>
				<include condition="!String.IsEqual(Skin.AspectRatio,4:3)">ShortListSlide</include>
				<width>1004</width>
				<onleft>2</onleft>
				<onright>60</onright>
				<onup>504</onup>
				<ondown>504</ondown>
				<viewtype label="$LOCALIZE[10523]">list</viewtype>
				<pagecontrol>60</pagecontrol>
				<scrolltime>200</scrolltime>
				<visible>Container.Content(Albums)</visible>
				<itemlayout height="70" width="1004">
					<!--background-->
					<control type="image">
						<left>4</left>
						<top>0</top>
						<width>1000</width>
						<height>60</height>
						<texture colordiffuse="button.nf">backgrounds/white.png</texture>
					</control>
					<!--main label-->
					<control type="label">
						<left>19</left>
						<top>0</top>
						<width>990</width>
						<height>60</height>
						<font>label</font>
						<textcolor>white</textcolor>
						<selectedcolor>$INFO[Skin.String(color.500)]</selectedcolor>
						<align>left</align>
						<aligny>center</aligny>
						<label>$INFO[ListItem.Label]</label>
					</control>
					<!--secondary label-->
					<control type="label">
						<left>385</left>
						<top>0</top>
						<width>600</width>
						<height>60</height>
						<font>secondary.info</font>
						<textcolor>white</textcolor>
						<selectedcolor>$INFO[Skin.String(color.500)]</selectedcolor>
						<align>right</align>
						<aligny>center</aligny>
						<label>$INFO[ListItem.Label2]</label>
					</control>
				</itemlayout>
				<focusedlayout height="70" width="1004">
					<!--background-->
					<control type="image">
						<left>4</left>
						<top>0</top>
						<width>1000</width>
						<height>60</height>
						<texture colordiffuse="$INFO[Skin.String(color.tertiary)]">backgrounds/white.png</texture>
						<animation effect="fade" start="100" end="75" time="200" condition="Control.HasFocus(60)">Conditional</animation>
					</control>
					<!--background strip-->
					<control type="image">
						<left>0</left>
						<top>0</top>
						<width>4</width>
						<height>60</height>
						<texture colordiffuse="$INFO[Skin.String(color.500)]">backgrounds/white.png</texture>
						<animation effect="fade" start="100" end="75" time="200" condition="Control.HasFocus(60)">Conditional</animation>
					</control>
					<!--main label-->
					<control type="label">
						<left>19</left>
						<top>0</top>
						<width>990</width>
						<height>60</height>
						<font>label</font>
						<textcolor>white</textcolor>
						<selectedcolor>$INFO[Skin.String(color.500)]</selectedcolor>
						<align>left</align>
						<aligny>center</aligny>
						<label>$INFO[ListItem.Label]</label>
					</control>
					<!--secondary label-->
					<control type="label">
						<left>385</left>
						<top>0</top>
						<width>600</width>
						<height>60</height>
						<font>secondary.info</font>
						<textcolor>white</textcolor>
						<selectedcolor>$INFO[Skin.String(color.500)]</selectedcolor>
						<align>right</align>
						<aligny>center</aligny>
						<label>$INFO[ListItem.Label2]</label>
					</control>
				</focusedlayout>
			</control>
			<!--scrollbar-->
			<control type="scrollbar" id="60">
				<left>1014</left>
				<bottom>10</bottom>
				<onleft>513</onleft>
				<onright>2</onright>
				<orientation>vertical</orientation>
				<showonepage>true</showonepage>
			</control>
			<!--info-->
			<control type="group">
				<left>1031</left>
				<centertop>50%</centertop>
				<height>700</height>
				<!--background-->
				<control type="image">
					<left>0</left>
					<top>0</top>
					<width>510</width>
					<height>690</height>
					<texture background="true" colordiffuse="$INFO[Skin.String(color.tertiary)]">backgrounds/white.png</texture>
				</control>
				<!--thumb (fallback)-->
				<control type="image">
					<left>0</left>
					<top>0</top>
					<width>510</width>
					<height>510</height>
					<aspectratio>scale</aspectratio>
					<texture background="true" colordiffuse="$INFO[Skin.String(color.500)]">$INFO[ListItem.Icon]</texture>
					<visible>String.Contains(ListItem.Icon,Default)</visible>
				</control>
				<!--thumb (no fallback)-->
				<control type="image">
					<left>0</left>
					<top>0</top>
					<width>510</width>
					<height>510</height>
					<aspectratio>scale</aspectratio>
					<texture background="true">$INFO[ListItem.Icon]</texture>
					<visible>!String.Contains(ListItem.Icon,Default)</visible>
				</control>
				<!--album review-->
				<control type="textbox">
					<left>15</left>
					<top>512</top>
					<width>480</width>
					<height>173</height>
					<font>label</font>
					<align>left</align>
					<textcolor>white</textcolor>
					<label>$INFO[ListItem.Property(Album_Description)]</label>
					<autoscroll time="2500" delay="3000" repeat="5000">Skin.HasSetting(AutoScroll)</autoscroll>
				</control>
				<!--thumb shadow-->
				<control type="image">
					<left>0</left>
					<top>510</top>
					<width>510</width>
					<height>10</height>
					<texture>homeshadow.png</texture>
					<animation effect="fade" start="100" end="100" time="0" condition="true">Conditional</animation>
				</control>
			</control>
		</control>
	</include>
</includes>